Date,ihsg
2019-01-02,6181.1748046875
2019-01-03,6221.009765625
2019-01-04,6274.5400390625
2019-01-07,6287.22412109375
2019-01-08,6262.84716796875
2019-01-09,6272.23779296875
2019-01-10,6328.7138671875
2019-01-11,6361.46484375
2019-01-14,6336.1162109375
2019-01-15,6408.7841796875
2019-01-16,6413.35986328125
2019-01-17,6423.77978515625
2019-01-18,6448.15576171875
2019-01-21,6450.833984375
2019-01-22,6468.56201171875
2019-01-23,6451.169921875
2019-01-24,6466.65478515625
2019-01-25,6482.8427734375
2019-01-28,6458.7119140625
2019-01-29,6436.47998046875
2019-01-30,6464.18896484375
2019-01-31,6532.96923828125
2019-02-01,6538.63818359375
2019-02-04,6481.451171875
2019-02-06,6547.876953125
2019-02-07,6536.45703125
2019-02-08,6521.6630859375
2019-02-11,6495.001953125
2019-02-12,6426.3251953125
2019-02-13,6419.1162109375
2019-02-14,6420.01806640625
2019-02-15,6389.0849609375
2019-02-18,6497.81494140625
2019-02-19,6494.6669921875
2019-02-20,6512.7841796875
2019-02-21,6537.76611328125
2019-02-22,6501.3779296875
2019-02-25,6525.35791015625
2019-02-26,6540.9501953125
2019-02-27,6525.68310546875
2019-02-28,6443.34814453125
2019-03-01,6499.8837890625
2019-03-04,6488.419921875
2019-03-05,6441.27978515625
2019-03-06,6457.9560546875
2019-03-08,6383.06787109375
2019-03-11,6366.43408203125
2019-03-12,6353.77392578125
2019-03-13,6377.5751953125
2019-03-14,6413.26611328125
2019-03-15,6461.18310546875
2019-03-18,6509.44677734375
2019-03-19,6480.27587890625
2019-03-20,6482.7099609375
2019-03-21,6501.77587890625
2019-03-22,6525.27392578125
2019-03-25,6411.2509765625
2019-03-26,6469.9990234375
2019-03-27,6444.73779296875
2019-03-28,6480.7880859375
2019-03-29,6468.7548828125
2019-04-01,6452.61083984375
2019-04-02,6476.06591796875
2019-04-04,6494.6298828125
2019-04-05,6474.01806640625
2019-04-08,6425.73388671875
2019-04-09,6484.34814453125
2019-04-10,6478.326171875
2019-04-11,6410.166015625
2019-04-12,6405.8662109375
2019-04-15,6435.15087890625
2019-04-16,6481.541015625
2019-04-18,6507.22119140625
2019-04-22,6414.7431640625
2019-04-23,6462.82177734375
2019-04-24,6447.884765625
2019-04-25,6372.787109375
2019-04-26,6401.080078125
2019-04-29,6425.89501953125
2019-04-30,6455.35205078125
2019-05-02,6374.421875
2019-05-03,6319.458984375
2019-05-06,6256.35205078125
2019-05-07,6297.31787109375
2019-05-08,6270.2021484375
2019-05-09,6198.80419921875
2019-05-10,6209.1181640625
2019-05-13,6135.39599609375
2019-05-14,6071.2021484375
2019-05-15,5980.884765625
2019-05-16,5895.73779296875
2019-05-17,5826.8681640625
2019-05-20,5907.12109375
2019-05-21,5951.3720703125
2019-05-22,5939.63623046875
2019-05-23,6032.69580078125
2019-05-24,6057.35302734375
2019-05-27,6098.97412109375
2019-05-28,6033.14208984375
2019-05-29,6104.10595703125
2019-05-31,6209.1171875
2019-06-10,6289.60986328125
2019-06-11,6305.9921875
2019-06-12,6276.1767578125
2019-06-13,6273.08203125
2019-06-14,6250.26513671875
2019-06-17,6190.52490234375
2019-06-18,6257.330078125
2019-06-19,6339.26220703125
2019-06-20,6335.6982421875
2019-06-21,6315.43603515625
2019-06-24,6288.46484375
2019-06-25,6320.44482421875
2019-06-26,6310.48876953125
2019-06-27,6352.7099609375
2019-06-28,6358.62890625
2019-07-01,6379.68798828125
2019-07-02,6384.89794921875
2019-07-03,6362.6220703125
2019-07-04,6375.966796875
2019-07-05,6373.47705078125
2019-07-08,6351.8271484375
2019-07-09,6388.3232421875
2019-07-10,6410.68310546875
2019-07-11,6417.06591796875
2019-07-12,6373.34521484375
2019-07-15,6418.23388671875
2019-07-16,6401.8798828125
2019-07-17,6394.60888671875
2019-07-18,6403.2939453125
2019-07-19,6456.5390625
2019-07-22,6433.546875
2019-07-23,6403.81005859375
2019-07-24,6384.98681640625
2019-07-25,6401.365234375
2019-07-26,6325.23681640625
2019-07-29,6299.03515625
2019-07-30,6376.99609375
2019-07-31,6390.5048828125
2019-08-01,6381.5419921875
2019-08-02,6340.18017578125
2019-08-05,6175.703125
2019-08-06,6119.47119140625
2019-08-07,6204.19482421875
2019-08-08,6274.6708984375
2019-08-09,6282.1318359375
2019-08-12,6250.59521484375
2019-08-13,6210.9619140625
2019-08-14,6267.3349609375
2019-08-15,6257.5859375
2019-08-16,6286.6572265625
2019-08-19,6296.71484375
2019-08-20,6295.73779296875
2019-08-21,6252.966796875
2019-08-22,6239.2451171875
2019-08-23,6255.59716796875
2019-08-26,6214.509765625
2019-08-27,6278.1708984375
2019-08-28,6281.64599609375
2019-08-29,6289.119140625
2019-08-30,6328.47021484375
2019-09-02,6290.5458984375
2019-09-03,6261.58984375
2019-09-04,6269.6640625
2019-09-05,6306.80322265625
2019-09-06,6308.9501953125
2019-09-09,6326.212890625
2019-09-10,6336.6728515625
2019-09-11,6381.9541015625
2019-09-12,6342.173828125
2019-09-13,6334.8427734375
2019-09-16,6219.43505859375
2019-09-17,6236.68994140625
2019-09-18,6276.6328125
2019-09-19,6244.47021484375
2019-09-20,6231.47314453125
2019-09-23,6206.19921875
2019-09-24,6137.60791015625
2019-09-25,6146.40380859375
2019-09-26,6230.333984375
2019-09-27,6196.88916015625
2019-09-30,6169.10205078125
2019-10-01,6138.25
2019-10-02,6055.4248046875
2019-10-03,6038.52880859375
2019-10-04,6061.251953125
2019-10-07,6000.58203125
2019-10-08,6039.60107421875
2019-10-09,6029.16015625
2019-10-10,6023.64111328125
2019-10-11,6105.7998046875
2019-10-14,6126.876953125
2019-10-15,6158.166015625
2019-10-16,6169.591796875
2019-10-17,6181.01416015625
2019-10-18,6191.94677734375
2019-10-21,6198.98681640625
2019-10-22,6225.4970703125
2019-10-23,6257.80615234375
2019-10-24,6339.64697265625
2019-10-25,6252.34521484375
2019-10-28,6265.3837890625
2019-10-29,6281.13818359375
2019-10-30,6295.7470703125
2019-10-31,6228.31689453125
2019-11-01,6207.19091796875
2019-11-04,6180.34423828125
2019-11-05,6264.15185546875
2019-11-06,6217.544921875
2019-11-07,6165.6240234375
2019-11-08,6177.98583984375
2019-11-11,6148.740234375
2019-11-12,6180.9921875
2019-11-13,6142.5009765625
2019-11-14,6098.9501953125
2019-11-15,6128.34521484375
2019-11-18,6122.625
2019-11-19,6152.08984375
2019-11-20,6155.10888671875
2019-11-21,6117.36376953125
2019-11-22,6100.2421875
2019-11-25,6070.76220703125
2019-11-26,6026.18798828125
2019-11-27,6023.0390625
2019-11-28,5953.06005859375
2019-11-29,6011.830078125
2019-12-02,6130.05517578125
2019-12-03,6133.89599609375
2019-12-04,6112.87890625
2019-12-05,6152.1171875
2019-12-06,6186.8681640625
2019-12-09,6193.791015625
2019-12-10,6183.5048828125
2019-12-11,6180.09912109375
2019-12-12,6139.39697265625
2019-12-13,6197.31787109375
2019-12-16,6211.591796875
2019-12-17,6244.35205078125
2019-12-18,6287.25
2019-12-19,6249.93017578125
2019-12-20,6284.3720703125
2019-12-23,6305.91015625
2019-12-26,6319.44287109375
2019-12-27,6329.31396484375
2019-12-30,6299.5390625
2020-01-02,6283.5810546875
2020-01-03,6323.4658203125
2020-01-06,6257.40283203125
2020-01-07,6279.34619140625
2020-01-08,6225.68603515625
2020-01-09,6274.4931640625
2020-01-10,6274.94091796875
2020-01-13,6296.56689453125
2020-01-14,6325.40576171875
2020-01-15,6283.365234375
2020-01-16,6286.0478515625
2020-01-17,6291.6572265625
2020-01-20,6245.04296875
2020-01-21,6238.15283203125
2020-01-22,6233.453125
2020-01-23,6249.2099609375
2020-01-24,6244.10888671875
2020-01-27,6133.2080078125
2020-01-28,6111.18408203125
2020-01-29,6113.044921875
2020-01-30,6057.59619140625
2020-01-31,5940.0478515625
2020-02-03,5884.169921875
2020-02-04,5922.3388671875
2020-02-05,5978.509765625
2020-02-06,5987.14501953125
2020-02-07,5999.60693359375
2020-02-10,5952.0830078125
2020-02-11,5954.39697265625
2020-02-12,5913.0810546875
2020-02-13,5871.9541015625
2020-02-14,5866.94482421875
2020-02-17,5867.52294921875
2020-02-18,5886.9619140625
2020-02-19,5928.791015625
2020-02-20,5942.48681640625
2020-02-21,5882.2548828125
2020-02-24,5807.0498046875
2020-02-25,5787.13818359375
2020-02-26,5688.9208984375
2020-02-27,5535.69384765625
2020-02-28,5452.7041015625
2020-03-02,5361.24609375
2020-03-03,5518.6279296875
2020-03-04,5650.13623046875
2020-03-05,5638.1298828125
2020-03-06,5498.5400390625
2020-03-09,5136.80908203125
2020-03-10,5220.826171875
2020-03-11,5154.10498046875
2020-03-12,4895.748046875
2020-03-13,4907.57080078125
2020-03-16,4690.6572265625
2020-03-17,4456.7490234375
2020-03-18,4330.673828125
2020-03-19,4105.421875
2020-03-20,4194.94384765625
2020-03-23,3989.51708984375
2020-03-24,3937.632080078125
2020-03-26,4338.90380859375
2020-03-27,4545.57080078125
2020-03-30,4414.5
2020-03-31,4538.93017578125
2020-04-01,4466.037109375
2020-04-02,4531.68505859375
2020-04-03,4623.42919921875
2020-04-06,4811.8271484375
2020-04-07,4778.63916015625
2020-04-08,4626.69482421875
2020-04-09,4649.0791015625
2020-04-13,4623.89404296875
2020-04-14,4706.4912109375
2020-04-15,4625.90478515625
2020-04-16,4480.60693359375
2020-04-17,4634.82080078125
2020-04-20,4575.90478515625
2020-04-21,4501.9189453125
2020-04-22,4567.56201171875
2020-04-23,4593.55419921875
2020-04-24,4496.06396484375
2020-04-27,4513.14111328125
2020-04-28,4529.55419921875
2020-04-29,4567.3232421875
2020-04-30,4716.40283203125
2020-05-04,4605.48681640625
2020-05-05,4630.1328125
2020-05-06,4608.7900390625
2020-05-08,4597.43017578125
2020-05-11,4639.10498046875
2020-05-12,4588.73388671875
2020-05-13,4554.35888671875
2020-05-14,4513.833984375
2020-05-15,4507.60693359375
2020-05-18,4511.05810546875
2020-05-19,4548.65576171875
2020-05-20,4545.9521484375
2020-05-26,4626.798828125
2020-05-27,4641.55517578125
2020-05-28,4716.18505859375
2020-05-29,4753.61181640625
2020-06-02,4847.5068359375
2020-06-03,4941.005859375
2020-06-04,4916.7041015625
2020-06-05,4947.7822265625
2020-06-08,5070.56103515625
2020-06-09,5035.05517578125
2020-06-10,4920.68212890625
2020-06-11,4854.75390625
2020-06-12,4880.35888671875
2020-06-15,4816.3359375
2020-06-16,4986.4580078125
2020-06-17,4987.77587890625
2020-06-18,4925.248046875
2020-06-19,4942.27490234375
2020-06-22,4918.8310546875
2020-06-23,4879.1328125
2020-06-24,4964.73486328125
2020-06-25,4896.72998046875
2020-06-26,4904.087890625
2020-06-29,4901.81787109375
2020-06-30,4905.39208984375
2020-07-01,4914.38818359375
2020-07-02,4966.77978515625
2020-07-03,4973.7939453125
2020-07-06,4988.8662109375
2020-07-07,4987.08203125
2020-07-08,5076.173828125
2020-07-09,5052.7939453125
2020-07-10,5031.255859375
2020-07-13,5064.44677734375
2020-07-14,5079.1220703125
2020-07-15,5075.7978515625
2020-07-16,5098.3740234375
2020-07-17,5079.5849609375
2020-07-20,5051.10595703125
2020-07-21,5114.708984375
2020-07-22,5110.18701171875
2020-07-23,5145.009765625
2020-07-24,5082.9912109375
2020-07-27,5116.666015625
2020-07-28,5112.98876953125
2020-07-29,5149.6298828125
2020-07-30,5149.626953125
2020-08-03,5006.22314453125
2020-08-04,5075.001953125
2020-08-05,5127.05078125
2020-08-06,5178.27197265625
2020-08-07,5143.89306640625
2020-08-10,5157.833984375
2020-08-11,5190.169921875
2020-08-12,5233.4521484375
2020-08-13,5239.25
2020-08-14,5247.68994140625
2020-08-18,5295.173828125
2020-08-19,5272.81005859375
2020-08-24,5277.041015625
2020-08-25,5338.88818359375
2020-08-26,5340.328125
2020-08-27,5371.47216796875
2020-08-28,5346.6591796875
2020-08-31,5238.48681640625
2020-09-01,5310.67919921875
2020-09-02,5311.97021484375
2020-09-03,5280.81298828125
2020-09-04,5239.85107421875
2020-09-07,5230.19580078125
2020-09-08,5244.07177734375
2020-09-09,5149.3759765625
2020-09-10,4891.4609375
2020-09-11,5016.7119140625
2020-09-14,5161.828125
2020-09-15,5100.865234375
2020-09-16,5058.48193359375
2020-09-17,5038.40087890625
2020-09-18,5059.22314453125
2020-09-21,4999.35986328125
2020-09-22,4934.0927734375
2020-09-23,4917.955078125
2020-09-24,4842.755859375
2020-09-25,4945.791015625
2020-09-28,4906.5478515625
2020-09-29,4879.09814453125
2020-09-30,4870.0390625
2020-10-01,4970.09423828125
2020-10-02,4926.73388671875
2020-10-05,4958.76904296875
2020-10-06,4999.22119140625
2020-10-07,5004.3271484375
2020-10-08,5039.14208984375
2020-10-09,5053.6630859375
2020-10-12,5093.09912109375
2020-10-13,5132.57177734375
2020-10-14,5176.09912109375
2020-10-15,5105.14990234375
2020-10-16,5103.4140625
2020-10-19,5126.330078125
2020-10-20,5099.83984375
2020-10-21,5096.44580078125
2020-10-22,5091.81591796875
2020-10-23,5112.18798828125
2020-10-26,5144.048828125
2020-10-27,5128.22509765625
2020-11-02,5115.1279296875
2020-11-03,5159.4521484375
2020-11-04,5105.19921875
2020-11-05,5260.326171875
2020-11-06,5335.52880859375
2020-11-09,5356.0048828125
2020-11-10,5462.73876953125
2020-11-11,5509.51318359375
2020-11-12,5458.60205078125
2020-11-13,5461.05810546875
2020-11-16,5494.8720703125
2020-11-17,5529.93994140625
2020-11-18,5557.51806640625
2020-11-19,5594.05908203125
2020-11-20,5571.65576171875
2020-11-23,5652.76416015625
2020-11-24,5701.02880859375
2020-11-25,5679.2470703125
2020-11-26,5759.916015625
2020-11-27,5783.3349609375
2020-11-30,5612.4150390625
2020-12-01,5724.7421875
2020-12-02,5813.98681640625
2020-12-03,5822.94189453125
2020-12-04,5810.48291015625
2020-12-07,5930.7587890625
2020-12-08,5944.4091796875
2020-12-10,5933.6982421875
2020-12-11,5938.3291015625
2020-12-14,6012.51611328125
2020-12-15,6010.1279296875
2020-12-16,6118.40185546875
2020-12-17,6113.3818359375
2020-12-18,6104.32421875
2020-12-21,6165.6240234375
2020-12-22,6023.2890625
2020-12-23,6008.708984375
2020-12-28,6093.55419921875
2020-12-29,6036.173828125
2020-12-30,5979.0732421875
2021-01-04,6104.89794921875
2021-01-05,6137.3427734375
2021-01-06,6065.68212890625
2021-01-07,6153.6328125
2021-01-08,6257.8349609375
2021-01-11,6382.93701171875
2021-01-12,6395.6689453125
2021-01-13,6435.205078125
2021-01-14,6428.31494140625
2021-01-15,6373.412109375
2021-01-18,6389.833984375
2021-01-19,6321.85595703125
2021-01-20,6429.7578125
2021-01-21,6413.89208984375
2021-01-22,6307.126953125
2021-01-25,6258.57177734375
2021-01-26,6140.1708984375
2021-01-27,6109.16796875
2021-01-28,5979.38720703125
2021-01-29,5862.35205078125
2021-02-01,6067.544921875
2021-02-02,6043.8408203125
2021-02-03,6077.7451171875
2021-02-04,6107.2158203125
2021-02-05,6151.72900390625
2021-02-08,6208.8662109375
2021-02-09,6181.671875
2021-02-10,6201.828125
2021-02-11,6222.52099609375
2021-02-15,6270.32421875
2021-02-16,6292.39599609375
2021-02-17,6227.72802734375
2021-02-18,6200.30810546875
2021-02-19,6231.93212890625
2021-02-22,6255.31201171875
2021-02-23,6272.80712890625
2021-02-24,6251.05419921875
2021-02-25,6289.64599609375
2021-02-26,6241.7958984375
2021-03-01,6338.51318359375
2021-03-02,6359.205078125
2021-03-03,6376.7568359375
2021-03-04,6290.798828125
2021-03-05,6258.7490234375
2021-03-08,6248.46484375
2021-03-09,6199.64697265625
2021-03-10,6264.67919921875
2021-03-12,6358.208984375
2021-03-15,6324.2587890625
2021-03-16,6309.69921875
2021-03-17,6277.22802734375
2021-03-18,6347.8291015625
2021-03-19,6356.16015625
2021-03-22,6301.130859375
2021-03-23,6252.7119140625
2021-03-24,6156.14013671875
2021-03-25,6122.8759765625
2021-03-26,6195.56201171875
2021-03-29,6166.81787109375
2021-03-30,6071.44189453125
2021-03-31,5985.52197265625
2021-04-01,6011.4560546875
2021-04-05,5970.2861328125
2021-04-06,6002.77001953125
2021-04-07,6036.6162109375
2021-04-08,6071.72412109375
2021-04-09,6070.208984375
2021-04-12,5948.56884765625
2021-04-13,5927.43505859375
2021-04-14,6050.27587890625
2021-04-15,6079.5009765625
2021-04-16,6086.2578125
2021-04-19,6052.5400390625
2021-04-20,6038.32177734375
2021-04-21,5993.2421875
2021-04-22,5994.18408203125
2021-04-23,6016.86376953125
2021-04-26,5964.82080078125
2021-04-27,5959.62109375
2021-04-28,5974.47900390625
2021-04-29,6012.9609375
2021-04-30,5995.6162109375
2021-05-03,5952.59716796875
2021-05-04,5963.81982421875
2021-05-05,5975.9111328125
2021-05-06,5970.240234375
2021-05-07,5928.30908203125
2021-05-10,5975.787109375
2021-05-11,5938.35107421875
2021-05-17,5833.85986328125
2021-05-18,5834.39404296875
2021-05-19,5760.583984375
2021-05-20,5797.59716796875
2021-05-21,5773.1201171875
2021-05-24,5763.6318359375
2021-05-25,5815.83984375
2021-05-27,5841.828125
2021-05-28,5848.6162109375
2021-05-31,5947.462890625
2021-06-02,6031.578125
2021-06-03,6091.51318359375
2021-06-04,6065.166015625
2021-06-07,6069.93505859375
2021-06-08,5999.369140625
2021-06-09,6047.47509765625
2021-06-10,6107.5380859375
2021-06-11,6095.4970703125
2021-06-14,6080.3837890625
2021-06-15,6089.0380859375
2021-06-16,6078.56787109375
2021-06-17,6068.44677734375
2021-06-18,6007.1201171875
2021-06-21,5996.2529296875
2021-06-22,6087.841796875
2021-06-23,6034.54296875
2021-06-24,6012.05615234375
2021-06-25,6022.39892578125
2021-06-28,5939.47119140625
2021-06-29,5949.0498046875
2021-06-30,5985.48876953125
2021-07-01,6005.9580078125
2021-07-02,6023.0078125
2021-07-05,6005.60888671875
2021-07-06,6047.11083984375
2021-07-07,6044.037109375
2021-07-08,6039.89599609375
2021-07-09,6039.84423828125
2021-07-12,6078.56787109375
2021-07-13,6012.0322265625
2021-07-14,5979.21484375
2021-07-15,6046.75390625
2021-07-16,6072.509765625
2021-07-19,6017.39404296875
2021-07-21,6029.97607421875
2021-07-22,6137.546875
2021-07-23,6101.68994140625
2021-07-26,6106.39404296875
2021-07-27,6097.048828125
2021-07-28,6088.52294921875
2021-07-29,6120.72705078125
2021-07-30,6070.0390625
2021-08-02,6096.54296875
2021-08-03,6130.57080078125
2021-08-04,6159.03515625
2021-08-05,6205.4169921875
2021-08-06,6203.43115234375
2021-08-09,6127.4560546875
2021-08-10,6088.408203125
2021-08-12,6139.65185546875
2021-08-13,6139.4921875
2021-08-16,6087.9130859375
2021-08-18,6118.14990234375
2021-08-19,5992.32177734375
2021-08-20,6030.77197265625
2021-08-23,6109.828125
2021-08-24,6089.4970703125
2021-08-25,6113.240234375
2021-08-26,6058.080078125
2021-08-27,6041.3662109375
2021-08-30,6144.90185546875
2021-08-31,6150.298828125
2021-09-01,6090.93310546875
2021-09-02,6078.22900390625
2021-09-03,6126.9208984375
2021-09-06,6126.93798828125
2021-09-07,6112.39990234375
2021-09-08,6026.02001953125
2021-09-09,6068.21923828125
2021-09-10,6094.873046875
2021-09-13,6088.1572265625
2021-09-14,6129.09521484375
2021-09-15,6110.22900390625
2021-09-16,6109.94189453125
2021-09-17,6133.24609375
2021-09-20,6076.31494140625
2021-09-21,6060.7568359375
2021-09-22,6108.26513671875
2021-09-23,6142.7119140625
2021-09-24,6144.81494140625
2021-09-27,6122.4951171875
2021-09-28,6113.11181640625
2021-09-29,6162.55419921875
2021-09-30,6286.94287109375
2021-10-01,6228.84521484375
2021-10-04,6342.68603515625
2021-10-05,6288.048828125
2021-10-06,6417.3232421875
2021-10-07,6416.39599609375
2021-10-08,6481.76904296875
2021-10-11,6459.69677734375
2021-10-12,6486.26708984375
2021-10-13,6536.90380859375
2021-10-14,6626.11376953125
2021-10-15,6633.337890625
2021-10-18,6658.76806640625
2021-10-19,6655.998046875
2021-10-21,6632.97216796875
2021-10-22,6643.73779296875
2021-10-25,6625.69677734375
2021-10-26,6656.93701171875
2021-10-27,6602.208984375
2021-10-28,6524.076171875
2021-10-29,6591.34619140625
2021-11-01,6552.88916015625
2021-11-02,6493.27490234375
2021-11-03,6552.1298828125
2021-11-04,6586.44287109375
2021-11-05,6581.78515625
2021-11-08,6632.296875
2021-11-09,6669.9248046875
2021-11-10,6683.14501953125
2021-11-11,6691.341796875
2021-11-12,6651.05419921875
2021-11-15,6616.02880859375
2021-11-16,6651.20703125
2021-11-17,6675.80419921875
2021-11-18,6636.46923828125
2021-11-19,6720.26318359375
2021-11-22,6723.38623046875
2021-11-23,6677.8759765625
2021-11-24,6683.27685546875
2021-11-25,6699.34619140625
2021-11-26,6561.55322265625
2021-11-29,6608.2900390625
2021-11-30,6533.93212890625
2021-12-01,6507.6767578125
2021-12-02,6583.81982421875
2021-12-03,6538.505859375
2021-12-06,6547.1162109375
2021-12-07,6602.56884765625
2021-12-08,6603.7978515625
2021-12-09,6643.93212890625
2021-12-10,6652.921875
2021-12-13,6662.87109375
2021-12-14,6615.63720703125
2021-12-15,6626.2568359375
2021-12-16,6594.7978515625
2021-12-17,6601.93212890625
2021-12-20,6547.11181640625
2021-12-21,6554.30908203125
2021-12-22,6529.5927734375
2021-12-23,6555.55078125
2021-12-24,6562.89990234375
2021-12-27,6575.44384765625
2021-12-28,6598.3427734375
2021-12-29,6600.6767578125
2021-12-30,6581.48193359375
2022-01-03,6665.30810546875
2022-01-04,6695.373046875
2022-01-05,6662.298828125
2022-01-06,6653.35107421875
2022-01-07,6701.31591796875
2022-01-10,6691.1240234375
2022-01-11,6647.97021484375
2022-01-12,6647.06494140625
2022-01-13,6658.35595703125
2022-01-14,6693.40087890625
2022-01-17,6645.0478515625
2022-01-18,6614.05908203125
2022-01-19,6591.98095703125
2022-01-20,6626.87109375
2022-01-21,6726.373046875
2022-01-24,6655.166015625
2022-01-25,6568.1728515625
2022-01-26,6600.81884765625
2022-01-27,6611.1611328125
2022-01-28,6645.51123046875
2022-01-31,6631.15087890625
2022-02-02,6707.65185546875
2022-02-03,6683.85107421875
2022-02-04,6731.39111328125
2022-02-07,6804.93701171875
2022-02-08,6789.52197265625
2022-02-09,6834.60595703125
2022-02-10,6823.64208984375
2022-02-11,6815.60693359375
2022-02-14,6734.48583984375
2022-02-15,6807.4970703125
2022-02-16,6850.1982421875
2022-02-17,6835.1171875
2022-02-18,6892.81787109375
2022-02-21,6902.96484375
2022-02-22,6861.994140625
2022-02-23,6920.05615234375
2022-02-24,6817.81982421875
2022-02-25,6888.1708984375
2022-03-01,6921.44091796875
2022-03-02,6868.40185546875
2022-03-04,6928.328125
2022-03-07,6869.06591796875
2022-03-08,6814.18310546875
2022-03-09,6864.44091796875
2022-03-10,6924.0078125
2022-03-11,6922.60205078125
2022-03-14,6952.2041015625
2022-03-15,6918.18505859375
2022-03-16,6992.39501953125
2022-03-17,6964.384765625
2022-03-18,6954.96484375
2022-03-21,6955.18115234375
2022-03-22,7000.82177734375
2022-03-23,6996.115234375
2022-03-24,7049.68505859375
2022-03-25,7002.5322265625
2022-03-28,7049.60302734375
2022-03-29,7011.68896484375
2022-03-30,7053.18994140625
2022-03-31,7071.44189453125
2022-04-01,7078.759765625
2022-04-04,7116.2177734375
2022-04-05,7148.298828125
2022-04-06,7104.2158203125
2022-04-07,7127.3671875
2022-04-08,7210.8349609375
2022-04-11,7203.7939453125
2022-04-12,7214.78076171875
2022-04-13,7262.77685546875
2022-04-14,7235.5322265625
2022-04-18,7275.2890625
2022-04-19,7199.23193359375
2022-04-20,7227.36181640625
2022-04-21,7276.19287109375
2022-04-22,7225.60595703125
2022-04-25,7215.97900390625
2022-04-26,7232.15283203125
2022-04-27,7196.76416015625
2022-04-28,7228.9140625
2022-05-09,6909.7509765625
2022-05-10,6819.7939453125
2022-05-11,6816.203125
2022-05-12,6599.83984375
2022-05-13,6597.9931640625
2022-05-17,6644.466796875
2022-05-18,6793.4140625
2022-05-19,6823.3349609375
2022-05-20,6918.14404296875
2022-05-23,6840.77490234375
2022-05-24,6914.14111328125
2022-05-25,6883.50390625
2022-05-27,7026.255859375
2022-05-30,7037.56494140625
2022-05-31,7148.97021484375
2022-06-02,7148.72314453125
2022-06-03,7182.9609375
2022-06-06,7096.58203125
2022-06-07,7141.044921875
2022-06-08,7193.31396484375
2022-06-09,7182.830078125
2022-06-10,7086.64794921875
2022-06-13,6995.44189453125
2022-06-14,7049.8818359375
2022-06-15,7007.0498046875
2022-06-16,7050.326171875
2022-06-17,6936.966796875
2022-06-20,6976.376953125
2022-06-21,7044.07080078125
2022-06-22,6984.31103515625
2022-06-23,6998.26708984375
2022-06-24,7042.93701171875
2022-06-27,7016.05517578125
2022-06-28,6996.4560546875
2022-06-29,6942.35107421875
2022-06-30,6911.58203125
2022-07-01,6794.328125
2022-07-04,6639.171875
2022-07-05,6703.26611328125
2022-07-06,6646.41015625
2022-07-07,6652.5869140625
2022-07-08,6740.21923828125
2022-07-11,6722.14501953125
2022-07-12,6718.2939453125
2022-07-13,6640.990234375
2022-07-14,6690.0869140625
2022-07-15,6651.90478515625
2022-07-18,6659.2529296875
2022-07-19,6736.091796875
2022-07-20,6874.7431640625
2022-07-21,6864.130859375
2022-07-22,6886.9619140625
2022-07-25,6858.4072265625
2022-07-26,6871.537109375
2022-07-27,6898.2158203125
2022-07-28,6956.81689453125
2022-07-29,6951.123046875
2022-08-01,6968.783203125
2022-08-02,6988.1572265625
2022-08-03,7046.634765625
2022-08-04,7057.34814453125
2022-08-05,7084.65478515625
2022-08-08,7086.84912109375
2022-08-09,7102.8798828125
2022-08-10,7086.23583984375
2022-08-11,7160.384765625
2022-08-12,7129.27685546875
2022-08-15,7093.27587890625
2022-08-16,7133.453125
2022-08-18,7186.55810546875
2022-08-19,7172.43408203125
2022-08-22,7107.98291015625
2022-08-23,7163.26513671875
2022-08-24,7194.7060546875
2022-08-25,7174.2080078125
2022-08-26,7135.248046875
2022-08-29,7132.044921875
2022-08-30,7159.47314453125
2022-08-31,7178.58984375
2022-09-01,7153.10400390625
2022-09-02,7177.17919921875
2022-09-05,7231.8828125
2022-09-06,7233.15478515625
2022-09-07,7186.7568359375
2022-09-08,7232.01708984375
2022-09-09,7242.65576171875
2022-09-12,7254.4638671875
2022-09-13,7318.01611328125
2022-09-14,7278.078125
2022-09-15,7305.60107421875
2022-09-16,7168.8701171875
2022-09-19,7195.48779296875
2022-09-20,7196.951171875
2022-09-21,7188.31396484375
2022-09-22,7218.90576171875
2022-09-23,7178.5830078125
2022-09-26,7127.5029296875
2022-09-27,7112.44921875
2022-09-28,7077.03076171875
2022-09-29,7036.1982421875
2022-09-30,7040.7978515625
2022-10-03,7009.7177734375
2022-10-04,7072.255859375
2022-10-05,7075.384765625
2022-10-06,7076.623046875
2022-10-07,7026.783203125
2022-10-10,6994.39501953125
2022-10-11,6939.14501953125
2022-10-12,6909.208984375
2022-10-13,6880.625
2022-10-14,6814.52978515625
2022-10-17,6831.115234375
2022-10-18,6834.494140625
2022-10-19,6860.416015625
2022-10-20,6980.65185546875
2022-10-21,7017.77099609375
2022-10-24,7053.0439453125
2022-10-25,7048.3798828125
2022-10-26,7043.93896484375
2022-10-27,7091.76123046875
2022-10-28,7056.0400390625
2022-10-31,7098.89013671875
2022-11-01,7052.30322265625
2022-11-02,7015.68994140625
2022-11-03,7034.5732421875
2022-11-04,7045.52685546875
2022-11-07,7102.39599609375
2022-11-08,7050.1259765625
2022-11-09,7070.083984375
2022-11-10,6966.8369140625
2022-11-11,7089.2060546875
2022-11-14,7019.39208984375
2022-11-15,7035.5
2022-11-16,7014.3837890625
2022-11-17,7044.98583984375
2022-11-18,7082.18115234375
2022-11-21,7063.2470703125
2022-11-22,7030.587890625
2022-11-23,7054.123046875
2022-11-24,7080.51513671875
2022-11-25,7053.14990234375
2022-11-28,7017.35791015625
2022-11-29,7012.06884765625
2022-11-30,7081.31298828125
2022-12-01,7020.80322265625
2022-12-02,7019.63916015625
2022-12-05,6987.328125
2022-12-06,6892.56982421875
2022-12-07,6818.751953125
2022-12-08,6804.22705078125
2022-12-09,6715.1181640625
2022-12-12,6734.4521484375
2022-12-13,6810.31591796875
2022-12-14,6801.7490234375
2022-12-15,6751.85986328125
2022-12-16,6812.19287109375
2022-12-19,6779.6982421875
2022-12-20,6768.31591796875
2022-12-21,6820.6630859375
2022-12-22,6824.43212890625
2022-12-23,6800.6728515625
2022-12-26,6835.80810546875
2022-12-27,6923.02685546875
2022-12-28,6850.52001953125
2022-12-29,6860.0771484375
2022-12-30,6850.619140625
2023-01-02,6850.98388671875
2023-01-03,6888.7578125
2023-01-04,6813.23876953125
2023-01-05,6653.8408203125
2023-01-06,6684.55810546875
2023-01-09,6688.26513671875
2023-01-10,6622.4990234375
2023-01-11,6584.453125
2023-01-12,6629.93408203125
2023-01-13,6641.830078125
2023-01-16,6688.05712890625
2023-01-17,6767.33984375
2023-01-18,6765.7861328125
2023-01-19,6819.9072265625
2023-01-20,6874.93115234375
2023-01-24,6860.85400390625
2023-01-25,6829.93017578125
2023-01-26,6864.81787109375
2023-01-27,6898.98095703125
2023-01-30,6872.48095703125
2023-01-31,6839.341796875
2023-02-01,6862.2578125
2023-02-02,6890.57177734375
2023-02-03,6911.73193359375
2023-02-06,6873.791015625
2023-02-07,6935.30078125
2023-02-08,6940.1240234375
2023-02-09,6897.365234375
2023-02-10,6880.3291015625
2023-02-13,6900.14013671875
2023-02-14,6941.85498046875
2023-02-15,6914.5380859375
2023-02-16,6895.6640625
2023-02-17,6895.7138671875
2023-02-20,6894.716796875
2023-02-21,6873.40478515625
2023-02-22,6809.9677734375
2023-02-23,6839.4541015625
2023-02-24,6856.576171875
2023-02-27,6854.77685546875
2023-02-28,6843.23876953125
2023-03-01,6844.93603515625
2023-03-02,6857.4150390625
2023-03-03,6813.63623046875
2023-03-06,6807.0009765625
2023-03-07,6766.7578125
2023-03-08,6776.3701171875
2023-03-09,6799.794921875
2023-03-10,6765.3017578125
2023-03-13,6786.955078125
2023-03-14,6641.81396484375
2023-03-15,6628.13720703125
2023-03-16,6565.72802734375
2023-03-17,6678.23681640625
2023-03-20,6612.490234375
2023-03-21,6691.61083984375
2023-03-24,6762.25390625
2023-03-27,6708.93310546875
2023-03-28,6760.328125
2023-03-29,6839.43603515625
2023-03-30,6808.951171875
2023-03-31,6805.27685546875
2023-04-03,6827.1748046875
2023-04-04,6833.17822265625
2023-04-05,6819.6748046875
2023-04-06,6792.76513671875
2023-04-10,6771.23486328125
2023-04-11,6811.31396484375
2023-04-12,6798.9638671875
2023-04-13,6785.59814453125
2023-04-14,6818.57421875
2023-04-17,6787.58203125
2023-04-18,6821.80712890625
2023-04-26,6910.14697265625
2023-04-27,6945.47705078125
2023-04-28,6915.7158203125
2023-05-02,6863.3017578125
2023-05-03,6812.72216796875
2023-05-04,6844.02685546875
2023-05-05,6787.630859375
2023-05-08,6769.630859375
2023-05-09,6779.97998046875
2023-05-10,6811.90478515625
2023-05-11,6755.93798828125
2023-05-12,6707.76318359375
2023-05-15,6711.740234375
2023-05-16,6676.56396484375
2023-05-17,6663.11376953125
2023-05-19,6700.56103515625
2023-05-22,6729.64697265625
2023-05-23,6736.68408203125
2023-05-24,6745.80419921875
2023-05-25,6704.23095703125
2023-05-26,6687.0009765625
2023-05-29,6681.10205078125
2023-05-30,6636.4228515625
2023-05-31,6633.26123046875
2023-06-05,6633.43701171875
2023-06-06,6618.9228515625
2023-06-07,6619.7548828125
2023-06-08,6666.330078125
2023-06-09,6694.02392578125
2023-06-12,6722.373046875
2023-06-13,6719.01416015625
2023-06-14,6699.716796875
2023-06-15,6713.794921875
2023-06-16,6698.546875
2023-06-19,6686.05908203125
2023-06-20,6660.455078125
2023-06-21,6702.625
2023-06-22,6652.26123046875
2023-06-23,6639.73291015625
2023-06-26,6664.66796875
2023-06-27,6661.87890625
2023-07-03,6696.7158203125
2023-07-04,6681.75390625
2023-07-05,6718.97705078125
2023-07-06,6757.3310546875
2023-07-07,6716.458984375
2023-07-10,6731.0380859375
2023-07-11,6796.923828125
2023-07-12,6808.208984375
2023-07-13,6810.212890625
2023-07-14,6869.57177734375
2023-07-17,6867.14404296875
2023-07-18,6830.203125
2023-07-20,6864.18896484375
2023-07-21,6880.8017578125
2023-07-24,6899.39599609375
2023-07-25,6917.7109375
2023-07-26,6948.27880859375
2023-07-27,6896.6630859375
2023-07-28,6900.22998046875
2023-07-31,6931.35888671875
2023-08-01,6886.49609375
2023-08-02,6854.509765625
2023-08-03,6898.0771484375
2023-08-04,6852.841796875
2023-08-07,6886.3662109375
2023-08-08,6868.81298828125
2023-08-09,6875.11181640625
2023-08-10,6893.27587890625
2023-08-11,6879.97900390625
2023-08-14,6910.171875
2023-08-15,6915.10107421875
2023-08-16,6900.5380859375
2023-08-18,6859.912109375
2023-08-21,6866.033203125
2023-08-22,6916.4501953125
2023-08-23,6921.41015625
2023-08-24,6899.39208984375
2023-08-25,6895.44287109375
2023-08-28,6921.72705078125
2023-08-29,6957.8349609375
2023-08-30,6966.65576171875
2023-08-31,6953.259765625
2023-09-01,6977.65380859375
2023-09-04,6996.75
2023-09-05,6991.7080078125
2023-09-06,6995.953125
2023-09-07,6954.80810546875
2023-09-08,6924.77978515625
2023-09-11,6963.39306640625
2023-09-12,6933.96923828125
2023-09-13,6935.47607421875
2023-09-14,6959.3330078125
2023-09-15,6982.791015625
2023-09-18,6936.0830078125
2023-09-19,6980.32080078125
2023-09-20,7011.68115234375
2023-09-21,6991.4658203125
2023-09-22,7016.84423828125
2023-09-25,6998.380859375
2023-09-26,6923.7998046875
2023-09-27,6937.828125
2023-09-29,6939.89208984375
2023-10-02,6961.458984375
2023-10-03,6940.88720703125
2023-10-04,6886.576171875
2023-10-05,6874.826171875
2023-10-06,6888.51806640625
2023-10-09,6891.455078125
2023-10-10,6922.18798828125
2023-10-11,6931.7529296875
2023-10-12,6935.15087890625
2023-10-13,6926.77978515625
2023-10-16,6896.2919921875
2023-10-17,6939.615234375
2023-10-18,6927.90576171875
2023-10-19,6846.4267578125
2023-10-20,6849.16796875
2023-10-23,6741.9638671875
2023-10-24,6806.76220703125
2023-10-25,6834.38818359375
2023-10-26,6714.51904296875
2023-10-27,6758.79296875
2023-10-30,6735.89208984375
2023-10-31,6752.2109375
2023-11-01,6642.41796875
2023-11-02,6751.38623046875
2023-11-03,6788.85009765625
2023-11-06,6878.8359375
2023-11-07,6843.7900390625
2023-11-08,6804.10595703125
2023-11-09,6838.23291015625
2023-11-10,6809.26318359375
2023-11-13,6838.31201171875
2023-11-14,6862.05517578125
2023-11-15,6958.205078125
2023-11-16,6958.0078125
2023-11-17,6977.66796875
2023-11-20,6994.88818359375
2023-11-21,6961.7900390625
2023-11-22,6906.953125
2023-11-23,7004.34423828125
2023-11-24,7009.630859375
2023-11-27,7013.40576171875
2023-11-28,7041.0732421875
2023-11-29,7036.0869140625
2023-11-30,7080.7412109375
2023-12-01,7059.90576171875
2023-12-04,7093.60009765625
2023-12-05,7100.85498046875
2023-12-06,7087.39501953125
2023-12-07,7134.623046875
2023-12-08,7159.59814453125
2023-12-11,7088.78515625
2023-12-12,7125.30712890625
2023-12-13,7075.3408203125
2023-12-14,7176.01611328125
2023-12-15,7190.98779296875
2023-12-18,7119.52490234375
2023-12-19,7187.84619140625
2023-12-20,7219.6669921875
2023-12-21,7209.619140625
2023-12-22,7237.51904296875
2023-12-27,7245.916015625
2023-12-28,7303.88818359375
2023-12-29,7272.796875
2024-01-02,7323.587890625
2024-01-03,7279.0908203125
2024-01-04,7359.76318359375
2024-01-05,7350.619140625
2024-01-08,7283.5751953125
2024-01-09,7200.203125
2024-01-10,7227.296875
2024-01-11,7219.9638671875
2024-01-12,7241.13818359375
2024-01-15,7224.0009765625
2024-01-16,7242.787109375
2024-01-17,7200.634765625
2024-01-18,7252.966796875
2024-01-19,7227.40185546875
2024-01-22,7247.92822265625
2024-01-23,7256.22900390625
2024-01-24,7227.8232421875
2024-01-25,7178.0419921875
2024-01-26,7137.087890625
2024-01-29,7157.1748046875
2024-01-30,7192.2158203125
2024-01-31,7207.94091796875
2024-02-01,7201.69580078125
2024-02-02,7238.78515625
2024-02-05,7198.615234375
2024-02-06,7247.408203125
2024-02-07,7235.15185546875
2024-02-12,7297.6689453125
2024-02-13,7209.7412109375
2024-02-15,7303.28076171875
2024-02-16,7335.544921875
2024-02-19,7296.7021484375
2024-02-20,7352.60107421875
2024-02-21,7349.02099609375
2024-02-22,7339.63623046875
2024-02-23,7295.09521484375
2024-02-26,7283.8232421875
2024-02-27,7285.31689453125
2024-02-28,7328.63623046875
2024-02-29,7316.11083984375
2024-03-01,7311.9072265625
2024-03-04,7276.7490234375
2024-03-05,7247.4599609375
2024-03-06,7329.80078125
2024-03-07,7373.9638671875
2024-03-08,7381.9072265625
2024-03-13,7421.20703125
2024-03-14,7433.31494140625
2024-03-15,7328.05419921875
2024-03-18,7302.44921875
2024-03-19,7336.74609375
2024-03-20,7331.1279296875
2024-03-21,7338.35302734375
2024-03-22,7350.15185546875
2024-03-25,7377.759765625
2024-03-26,7365.6640625
2024-03-27,7310.091796875
2024-03-28,7288.81298828125
2024-04-01,7205.06103515625
2024-04-02,7236.98388671875
2024-04-03,7166.84423828125
2024-04-04,7254.39892578125
2024-04-05,7286.8818359375
2024-04-16,7164.80712890625
2024-04-17,7130.8408203125
2024-04-18,7166.81396484375
2024-04-19,7087.31689453125
2024-04-22,7073.81982421875
2024-04-23,7110.81298828125
2024-04-24,7174.533203125
2024-04-25,7155.2939453125
2024-04-26,7036.0751953125
2024-04-29,7155.7841796875
2024-04-30,7234.19677734375
2024-05-02,7117.4248046875
2024-05-03,7134.72412109375
2024-05-06,7135.89013671875
2024-05-07,7123.61181640625
2024-05-08,7088.794921875
2024-05-13,7099.26123046875
2024-05-14,7083.76318359375
2024-05-15,7179.8310546875
2024-05-16,7246.69580078125
2024-05-17,7317.23779296875
2024-05-20,7266.69091796875
2024-05-21,7186.037109375
2024-05-22,7222.3818359375
2024-05-27,7176.419921875
2024-05-28,7253.6259765625
2024-05-29,7140.22900390625
2024-05-30,7034.14208984375
2024-05-31,6970.73583984375
2024-06-03,7036.19091796875
2024-06-04,7099.31201171875
2024-06-05,6947.669921875
2024-06-06,6974.89697265625
2024-06-07,6897.9501953125
2024-06-10,6921.5478515625
2024-06-11,6855.69091796875
2024-06-12,6850.09716796875
2024-06-13,6831.56396484375
2024-06-14,6734.83203125
2024-06-19,6726.9189453125
2024-06-20,6819.32080078125
2024-06-21,6879.97802734375
2024-06-24,6889.1650390625
2024-06-25,6882.7041015625
2024-06-26,6905.64208984375
2024-06-27,6967.951171875
2024-06-28,7063.5771484375
2024-07-01,7139.6259765625
2024-07-02,7125.14208984375
2024-07-03,7196.7548828125
2024-07-04,7220.88916015625
2024-07-05,7253.3720703125
2024-07-08,7250.97705078125
2024-07-09,7269.80078125
2024-07-10,7287.0419921875
2024-07-11,7300.4072265625
2024-07-12,7327.580078125
2024-07-15,7278.86279296875
2024-07-16,7224.29296875
2024-07-17,7224.2177734375
2024-07-18,7321.07080078125
2024-07-19,7294.4951171875
2024-07-22,7321.97607421875
2024-07-23,7313.85693359375
2024-07-24,7262.7587890625
2024-07-25,7240.27685546875
2024-07-26,7288.1669921875
2024-07-29,7288.89697265625
2024-07-30,7241.86376953125
2024-07-31,7255.76220703125
2024-08-01,7325.98486328125
2024-08-02,7308.123046875
2024-08-05,7059.65283203125
2024-08-06,7129.21484375
2024-08-07,7212.130859375
2024-08-08,7195.12109375
2024-08-09,7256.99609375
2024-08-12,7297.625
2024-08-13,7356.63818359375
2024-08-14,7436.0390625
2024-08-15,7409.5009765625
2024-08-16,7432.08984375
2024-08-19,7466.8310546875
2024-08-20,7533.98486328125
2024-08-21,7554.5927734375
2024-08-22,7488.67578125
2024-08-23,7544.2978515625
2024-08-26,7606.19482421875
2024-08-27,7597.880859375
2024-08-28,7658.875
2024-08-29,7627.60400390625
2024-08-30,7670.73291015625
2024-09-02,7694.52978515625
2024-09-03,7616.52099609375
2024-09-04,7672.89599609375
2024-09-05,7681.04296875
2024-09-06,7721.84619140625
2024-09-09,7702.73876953125
2024-09-10,7761.38818359375
2024-09-11,7760.955078125
2024-09-12,7798.15380859375
2024-09-13,7812.130859375
2024-09-17,7831.77880859375
2024-09-18,7829.134765625
2024-09-19,7905.39013671875
2024-09-20,7743.00390625
2024-09-23,7775.73095703125
2024-09-24,7778.4912109375
2024-09-25,7740.90185546875
2024-09-26,7744.51611328125
2024-09-27,7696.916015625
2024-09-30,7527.92919921875
2024-10-01,7642.1328125
2024-10-02,7563.26220703125
2024-10-03,7543.828125
2024-10-04,7496.0908203125
2024-10-07,7504.134765625
2024-10-08,7557.14208984375
2024-10-09,7501.28515625
2024-10-10,7480.080078125
2024-10-11,7520.60205078125
2024-10-14,7559.65478515625
2024-10-15,7626.951171875
2024-10-16,7648.93994140625
2024-10-17,7735.0390625
2024-10-18,7760.06005859375
2024-10-21,7772.59619140625
2024-10-22,7788.98291015625
2024-10-23,7787.56494140625
2024-10-24,7716.548828125
2024-10-25,7694.66015625
2024-10-28,7634.630859375
2024-10-29,7606.60009765625
2024-10-30,7569.85009765625
2024-10-31,7574.01904296875
2024-11-01,7505.2568359375
2024-11-04,7479.5029296875
2024-11-05,7491.93115234375
2024-11-06,7383.8681640625
2024-11-07,7243.85986328125
2024-11-08,7287.19091796875
2024-11-11,7266.4599609375
2024-11-12,7321.98583984375
2024-11-13,7308.6708984375
2024-11-14,7214.56103515625
2024-11-15,7161.2578125
2024-11-18,7134.27685546875
2024-11-19,7195.71484375
2024-11-20,7180.3349609375
2024-11-21,7140.912109375
2024-11-22,7195.56494140625
2024-11-25,7314.10791015625
2024-11-26,7245.88818359375
2024-11-28,7200.1572265625
2024-11-29,7114.26611328125
2024-12-02,7046.98583984375
2024-12-03,7196.01708984375
2024-12-04,7326.76416015625
2024-12-05,7313.31298828125
2024-12-06,7382.78515625
2024-12-09,7437.73095703125
2024-12-10,7453.287109375
2024-12-11,7464.751953125
2024-12-12,7394.23779296875
2024-12-13,7324.7890625
2024-12-16,7258.630859375
2024-12-17,7157.73193359375
2024-12-18,7107.875
2024-12-19,6977.23779296875
2024-12-20,6983.865234375
2024-12-23,7096.44482421875
2024-12-24,7065.74609375
2024-12-27,7036.57080078125
2024-12-30,7079.90478515625
2025-01-02,7163.205078125
2025-01-03,7164.42919921875
2025-01-06,7080.47412109375
2025-01-07,7083.2841796875
2025-01-08,7080.35205078125
2025-01-09,7064.587890625
2025-01-10,7088.8662109375
2025-01-13,7016.87890625
2025-01-14,6956.6650390625
2025-01-15,7079.56201171875
2025-01-16,7107.51904296875
2025-01-17,7154.658203125
2025-01-20,7170.73681640625
2025-01-21,7181.81982421875
2025-01-22,7257.1279296875
2025-01-23,7232.64306640625
2025-01-24,7166.05615234375
2025-01-30,7073.47802734375
2025-01-31,7109.19580078125
2025-02-03,7030.05810546875
2025-02-04,7073.458984375
2025-02-05,7024.22802734375
2025-02-06,6875.5361328125
2025-02-07,6742.576171875
2025-02-10,6648.14208984375
2025-02-11,6531.990234375
2025-02-12,6645.77783203125
2025-02-13,6613.56787109375
2025-02-14,6638.458984375
2025-02-17,6830.8818359375
2025-02-18,6873.55419921875
2025-02-19,6794.8681640625
2025-02-20,6788.0419921875
2025-02-21,6803.0009765625
2025-02-24,6749.60107421875
2025-02-25,6587.0869140625
2025-02-26,6606.17822265625
2025-02-27,6485.4482421875
2025-02-28,6270.59716796875
2025-03-03,6519.658203125
2025-03-04,6380.40087890625
2025-03-05,6531.39892578125
2025-03-06,6617.84716796875
2025-03-07,6636.0
2025-03-10,6598.2119140625
2025-03-11,6545.85009765625
2025-03-12,6665.044921875
2025-03-13,6647.4169921875
2025-03-14,6515.630859375
2025-03-17,6471.94677734375
2025-03-18,6223.38818359375
2025-03-19,6311.66015625
2025-03-20,6381.673828125
2025-03-21,6258.17919921875
2025-03-24,6161.2177734375
2025-03-25,6235.619140625
2025-03-26,6472.35595703125
2025-03-27,6510.6201171875
2025-04-08,5996.14208984375
2025-04-09,5967.98779296875
2025-04-10,6254.02392578125
2025-04-11,6262.22607421875
2025-04-14,6368.51708984375
2025-04-15,6441.68310546875
2025-04-16,6400.05419921875
2025-04-17,6438.26904296875
2025-04-21,6445.966796875
2025-04-22,6538.26611328125
2025-04-23,6634.376953125
2025-04-24,6613.47802734375
2025-04-25,6678.9150390625
2025-04-28,6722.9658203125
2025-04-29,6749.0751953125
2025-04-30,6766.794921875
2025-05-02,6815.72998046875
2025-05-05,6831.9521484375
2025-05-06,6898.19677734375
2025-05-07,6926.22509765625
2025-05-08,6827.75
2025-05-09,6832.80322265625
2025-05-14,6979.8798828125
2025-05-15,7040.1611328125
2025-05-16,7106.52587890625
2025-05-19,7141.0908203125
2025-05-20,7094.60205078125
2025-05-21,7142.4609375
2025-05-22,7166.98095703125
2025-05-23,7214.1630859375
2025-05-26,7188.35302734375
2025-05-27,7198.966796875
2025-05-28,7175.81884765625
2025-06-02,7065.06884765625
2025-06-03,7044.82177734375
2025-06-04,7069.037109375
2025-06-05,7113.4248046875
2025-06-10,7230.7451171875
2025-06-11,7222.4560546875
2025-06-12,7204.3701171875
2025-06-13,7166.06494140625
2025-06-16,7117.5908203125
2025-06-17,7155.85205078125
2025-06-18,7107.7890625
2025-06-19,6968.63916015625
2025-06-20,6907.13818359375
2025-06-23,6787.14013671875
2025-06-24,6869.1708984375
2025-06-25,6832.14306640625
2025-06-26,6897.39990234375
2025-06-30,6927.67919921875
2025-07-01,6915.35986328125
2025-07-02,6881.2451171875
2025-07-03,6878.05078125
2025-07-04,6865.19189453125
2025-07-07,6900.93212890625
2025-07-08,6904.39208984375
2025-07-09,6943.921875
2025-07-10,7005.37109375
2025-07-11,7047.43798828125
2025-07-14,7097.15087890625
2025-07-15,7140.47412109375
2025-07-16,7192.01806640625
2025-07-17,7287.02099609375
2025-07-18,7311.9150390625
2025-07-21,7398.19189453125
2025-07-22,7344.73583984375
2025-07-23,7469.22998046875
2025-07-24,7530.90185546875
2025-07-25,7543.5029296875
2025-07-28,7614.76806640625
2025-07-29,7617.9072265625
2025-07-30,7549.88818359375
2025-07-31,7484.3369140625
2025-08-01,7537.76806640625
2025-08-04,7464.64501953125
2025-08-05,7515.18505859375
2025-08-06,7503.75
2025-08-07,7490.18310546875
2025-08-08,7533.384765625
2025-08-11,7605.9248046875
2025-08-12,7791.69677734375
2025-08-13,7892.9111328125
2025-08-14,7931.2509765625
2025-08-15,7898.375
2025-08-19,7862.94921875
2025-08-20,7943.8251953125
2025-08-21,7890.71484375
2025-08-22,7858.85107421875
2025-08-25,7926.9072265625
2025-08-26,7905.7568359375
2025-08-27,7936.17578125
2025-08-28,7952.087890625
2025-08-29,7830.4931640625
2025-09-01,7736.06591796875
2025-09-02,7801.5849609375
2025-09-03,7885.86279296875
2025-09-04,7867.34814453125
2025-09-08,7766.84912109375
2025-09-09,7628.60498046875
2025-09-10,7699.0068359375
2025-09-11,7747.90478515625
2025-09-12,7854.06005859375
2025-09-15,7937.1181640625
2025-09-16,7957.69580078125
2025-09-17,8025.17919921875
2025-09-18,8008.43310546875
2025-09-19,8051.1181640625
2025-09-22,8040.0390625
2025-09-23,8125.201171875
2025-09-24,8126.55810546875
2025-09-25,8040.6650390625
2025-09-26,8099.3330078125
2025-09-29,8123.2451171875
2025-09-30,8061.06201171875
2025-10-01,8043.82177734375
2025-10-02,8071.0810546875
2025-10-03,8118.30078125
2025-10-06,8139.89404296875
2025-10-07,8169.28076171875
2025-10-08,8166.02880859375
2025-10-09,8250.9384765625
2025-10-10,8257.859375
2025-10-13,8227.2021484375
2025-10-14,8066.52197265625
2025-10-15,8051.1748046875
2025-10-16,8124.7568359375
2025-10-17,7915.65576171875
2025-10-20,8088.97802734375
2025-10-21,8238.083984375
2025-10-22,8152.55322265625
2025-10-23,8274.3515625
2025-10-24,8271.7216796875
2025-10-27,8117.15087890625
2025-10-28,8092.62890625
2025-10-29,8166.22412109375
2025-10-30,8184.06396484375
2025-10-31,8163.875
2025-11-03,8275.083984375
2025-11-04,8241.9111328125
2025-11-05,8318.5263671875
2025-11-06,8337.0576171875
2025-11-07,8394.58984375
2025-11-10,8391.240234375
2025-11-11,8366.5146484375
2025-11-12,8388.56640625
2025-11-13,8371.9990234375
2025-11-14,8370.435546875
2025-11-17,8416.8818359375
2025-11-18,8361.92578125
2025-11-19,8406.5771484375
2025-11-20,8419.9169921875
2025-11-21,8414.3515625
2025-11-24,8570.25390625
2025-11-25,8521.884765625
2025-11-26,8602.1298828125
2025-11-27,8545.865234375
2025-11-28,8508.7060546875
2025-12-01,8548.7880859375
2025-12-02,8617.04296875
2025-12-03,8611.787109375
2025-12-04,8640.1962890625
2025-12-05,8632.7607421875
2025-12-08,8710.6953125
2025-12-09,8657.1787109375
2025-12-10,8700.923828125
2025-12-11,8620.4814453125
2025-12-12,8660.4990234375
2025-12-15,8649.662109375
2025-12-16,8686.46875
2025-12-17,8677.3447265625
2025-12-18,8618.1953125
2025-12-19,8609.55078125
2025-12-22,8645.84375
2025-12-23,8584.7822265625
2025-12-24,8537.9111328125
2025-12-29,8644.255859375
2025-12-30,8646.9384765625
2026-01-02,8748.1318359375
2026-01-05,8859.19140625
2026-01-06,8933.609375
2026-01-07,8944.8134765625
2026-01-08,8925.470703125
2026-01-09,8936.75390625
2026-01-12,8884.72265625
2026-01-13,8948.302734375
2026-01-14,9032.583984375
2026-01-15,9075.40625
2026-01-19,9133.873046875
2026-01-20,9134.7001953125
2026-01-21,9010.330078125
2026-01-22,8992.1826171875
2026-01-23,8951.009765625
2026-01-26,8975.333984375
2026-01-27,8980.23046875
2026-01-28,8320.5556640625
2026-01-29,8232.203125
2026-01-30,8329.6064453125
2026-02-02,7922.73095703125
2026-02-03,8122.59716796875
2026-02-04,8146.716796875
2026-02-05,8103.87890625
2026-02-06,7935.259765625
2026-02-09,8031.8740234375
2026-02-10,8131.73779296875
2026-02-11,8290.9658203125
2026-02-12,8265.3515625
2026-02-13,8212.271484375
2026-02-18,8310.2265625
2026-02-19,8274.0810546875
2026-02-20,8271.7666015625
2026-02-23,8396.08203125
2026-02-24,8280.8330078125
2026-02-25,8322.228515625
2026-02-26,8235.26171875
2026-02-27,8235.4853515625
2026-03-02,8016.8330078125
2026-03-03,7939.76708984375
2026-03-04,7577.06396484375
2026-03-05,7710.537109375
2026-03-06,7585.68701171875
2026-03-09,7337.369140625
2026-03-10,7440.9130859375
2026-03-11,7389.39892578125
2026-03-12,7362.1171875
2026-03-13,7137.2119140625
2026-03-16,7022.2880859375
2026-03-17,7106.8388671875
2026-03-25,7302.12109375
2026-03-26,7164.0908203125
2026-03-27,7097.05712890625
2026-03-30,7091.669921875
2026-03-31,7048.22216796875
2026-04-01,7184.43798828125
2026-04-02,7026.7822265625
2026-04-06,6989.42578125
2026-04-07,6971.02685546875
2026-04-08,7279.208984375
2026-04-09,7307.5888671875
2026-04-10,7458.49609375
2026-04-13,7500.18701171875
2026-04-14,7675.951171875
2026-04-15,7623.5859375
2026-04-16,7621.3818359375
2026-04-17,7634.00390625
2026-04-20,7594.11083984375
2026-04-21,7559.3798828125
2026-04-22,7541.61181640625
2026-04-23,7378.60595703125
2026-04-24,7129.490234375
2026-04-27,7106.52001953125
2026-04-28,7072.39208984375
2026-04-29,7101.22607421875
2026-04-30,6956.80419921875
2026-05-04,6971.953125
2026-05-05,7057.10595703125
2026-05-06,7092.466796875
2026-05-07,7174.32080078125
2026-05-08,6969.39599609375
2026-05-11,6905.6201171875
2026-05-12,6858.89892578125
2026-05-13,6723.31982421875
2026-05-18,6599.240234375
2026-05-19,6370.67919921875
2026-05-20,6318.5
2026-05-21,6094.94091796875
2026-05-22,6162.044921875
2026-05-25,6206.34912109375
2026-05-26,6130.18994140625
2026-05-29,6127.380859375
2026-06-02,6195.4267578125
2026-06-03,5941.06591796875
2026-06-04,5839.78515625
2026-06-05,5594.76513671875
2026-06-08,5342.13720703125
2026-06-09,5746.64794921875
2026-06-10,5902.3759765625
2026-06-11,5886.0322265625
2026-06-12,6007.65576171875
2026-06-15,6254.9658203125
2026-06-17,6220.740234375
2026-06-18,6172.33984375
2026-06-19,6177.13916015625
2026-06-22,6116.68994140625
2026-06-23,6101.3330078125
2026-06-24,5883.880859375
2026-06-25,5999.0380859375
2026-06-26,5896.1337890625
2026-06-29,5820.7900390625
