Tanggal Publikasi;IndONIA (%)
30 Jun 2026;6,00453
29 Jun 2026;6,38619
26 Jun 2026;6,23492
25 Jun 2026;5,73073
24 Jun 2026;5,64979
23 Jun 2026;5,62508
22 Jun 2026;5,91640
19 Jun 2026;6,16644
18 Jun 2026;6,61839
17 Jun 2026;6,34070
15 Jun 2026;6,19068
12 Jun 2026;6,03423
11 Jun 2026;6,02626
10 Jun 2026;5,98307
9 Jun 2026;5,71064
8 Jun 2026;5,36862
5 Jun 2026;5,33915
4 Jun 2026;5,25129
3 Jun 2026;5,36878
2 Jun 2026;5,60864
29 Mei 2026;5,58617
26 Mei 2026;5,31402
25 Mei 2026;5,30815
22 Mei 2026;5,20561
21 Mei 2026;5,30344
20 Mei 2026;5,14887
19 Mei 2026;4,60434
18 Mei 2026;4,54300
13 Mei 2026;5,08091
12 Mei 2026;4,18802
11 Mei 2026;4,22851
8 Mei 2026;4,16201
7 Mei 2026;4,11748
6 Mei 2026;4,10277
5 Mei 2026;4,46393
4 Mei 2026;4,71225
30 Apr 2026;4,85580
29 Apr 2026;4,63630
28 Apr 2026;4,42575
27 Apr 2026;4,33795
24 Apr 2026;4,23399
23 Apr 2026;4,13142
22 Apr 2026;4,09044
21 Apr 2026;4,08988
20 Apr 2026;4,06644
17 Apr 2026;3,91313
16 Apr 2026;4,05974
15 Apr 2026;3,98024
14 Apr 2026;4,22424
13 Apr 2026;4,18330
10 Apr 2026;4,11840
9 Apr 2026;4,14720
8 Apr 2026;4,12370
7 Apr 2026;4,09115
6 Apr 2026;4,12042
2 Apr 2026;4,10890
1 Apr 2026;3,99966
31 Mar 2026;3,85023
30 Mar 2026;3,91590
27 Mar 2026;3,91695
26 Mar 2026;4,02240
25 Mar 2026;4,01877
17 Mar 2026;4,72672
16 Mar 2026;4,16049
13 Mar 2026;4,01439
12 Mar 2026;4,02728
11 Mar 2026;4,03505
10 Mar 2026;4,13036
9 Mar 2026;4,21110
6 Mar 2026;4,02449
5 Mar 2026;4,18614
4 Mar 2026;4,19792
3 Mar 2026;4,22689
2 Mar 2026;4,20914
27 Feb 2026;4,23760
26 Feb 2026;4,16545
25 Feb 2026;4,16316
24 Feb 2026;4,10504
23 Feb 2026;4,08857
20 Feb 2026;3,98281
19 Feb 2026;3,96149
18 Feb 2026;3,91724
13 Feb 2026;3,94852
12 Feb 2026;3,88159
11 Feb 2026;3,87434
10 Feb 2026;3,86110
9 Feb 2026;3,87893
6 Feb 2026;3,87906
5 Feb 2026;3,90519
4 Feb 2026;3,85207
3 Feb 2026;3,79738
2 Feb 2026;3,85291
30 Jan 2026;3,85409
29 Jan 2026;3,77620
28 Jan 2026;3,73144
27 Jan 2026;3,70091
26 Jan 2026;3,69541
23 Jan 2026;3,68412
22 Jan 2026;3,65536
21 Jan 2026;3,67038
20 Jan 2026;3,68647
19 Jan 2026;3,71219
15 Jan 2026;3,73917
14 Jan 2026;3,75957
13 Jan 2026;3,76966
12 Jan 2026;3,77443
9 Jan 2026;3,78858
8 Jan 2026;3,81094
7 Jan 2026;3,81517
6 Jan 2026;3,84926
5 Jan 2026;3,90961
2 Jan 2026;4,00374
31 Des 2025;4,12578
30 Des 2025;4,12038
29 Des 2025;4,14548
24 Des 2025;4,24691
23 Des 2025;4,14650
22 Des 2025;4,19078
19 Des 2025;4,17070
18 Des 2025;4,18633
17 Des 2025;4,15864
16 Des 2025;4,12179
15 Des 2025;4,09608
12 Des 2025;4,08735
11 Des 2025;4,07209
10 Des 2025;4,08911
9 Des 2025;4,09423
8 Des 2025;4,08752
5 Des 2025;4,15525
4 Des 2025;4,08151
3 Des 2025;4,10541
2 Des 2025;4,18574
1 Des 2025;4,15198
28 Nov 2025;4,15797
27 Nov 2025;4,09925
26 Nov 2025;4,14997
25 Nov 2025;4,08006
24 Nov 2025;4,10657
21 Nov 2025;4,16443
20 Nov 2025;4,02614
19 Nov 2025;3,99435
18 Nov 2025;3,99920
17 Nov 2025;3,98390
14 Nov 2025;4,00046
13 Nov 2025;3,95426
12 Nov 2025;3,97753
11 Nov 2025;3,99307
10 Nov 2025;3,98857
7 Nov 2025;4,01213
6 Nov 2025;3,96309
5 Nov 2025;3,99582
4 Nov 2025;3,99410
3 Nov 2025;4,01758
31 Okt 2025;3,99942
30 Okt 2025;4,00085
29 Okt 2025;3,99804
28 Okt 2025;3,99485
27 Okt 2025;4,00827
24 Okt 2025;4,00057
23 Okt 2025;4,00415
22 Okt 2025;3,89922
21 Okt 2025;3,99064
20 Okt 2025;4,00979
17 Okt 2025;4,03353
16 Okt 2025;3,99497
15 Okt 2025;3,97729
14 Okt 2025;4,02277
13 Okt 2025;4,01873
10 Okt 2025;4,02735
9 Okt 2025;4,01105
8 Okt 2025;3,99757
7 Okt 2025;4,01455
6 Okt 2025;4,04388
3 Okt 2025;4,05952
2 Okt 2025;4,00425
1 Okt 2025;4,01727
30 Sep 2025;3,98883
29 Sep 2025;3,97519
26 Sep 2025;3,97003
25 Sep 2025;3,99825
24 Sep 2025;4,03111
23 Sep 2025;4,12034
22 Sep 2025;4,16624
19 Sep 2025;4,12804
18 Sep 2025;4,14424
17 Sep 2025;4,42924
16 Sep 2025;4,58904
15 Sep 2025;4,55445
12 Sep 2025;4,58002
11 Sep 2025;4,56974
10 Sep 2025;4,58675
9 Sep 2025;4,58081
8 Sep 2025;4,53930
4 Sep 2025;4,52985
3 Sep 2025;4,48534
2 Sep 2025;4,49035
1 Sep 2025;4,55867
29 Agt 2025;4,67661
28 Agt 2025;4,49481
27 Agt 2025;4,41960
26 Agt 2025;4,40301
25 Agt 2025;4,40502
22 Agt 2025;4,34837
21 Agt 2025;4,44585
20 Agt 2025;4,68151
19 Agt 2025;4,78301
15 Agt 2025;4,76774
14 Agt 2025;4,81125
13 Agt 2025;4,74924
12 Agt 2025;4,75310
11 Agt 2025;4,78470
8 Agt 2025;4,69134
7 Agt 2025;4,73680
6 Agt 2025;4,75567
5 Agt 2025;4,76175
4 Agt 2025;4,83056
1 Agt 2025;4,75398
31 Jul 2025;4,76598
30 Jul 2025;4,75650
29 Jul 2025;4,75207
28 Jul 2025;4,83196
25 Jul 2025;4,81238
24 Jul 2025;4,79884
23 Jul 2025;4,78134
22 Jul 2025;4,84338
21 Jul 2025;4,84852
18 Jul 2025;4,83039
17 Jul 2025;4,93505
16 Jul 2025;5,07584
15 Jul 2025;5,13641
14 Jul 2025;5,13567
11 Jul 2025;5,14210
10 Jul 2025;5,10882
9 Jul 2025;5,14063
8 Jul 2025;5,16797
7 Jul 2025;5,20643
4 Jul 2025;5,05628
3 Jul 2025;5,03608
2 Jul 2025;5,05853
1 Jul 2025;5,11781
30 Jun 2025;5,27648
26 Jun 2025;5,16840
25 Jun 2025;5,15786
24 Jun 2025;5,14077
23 Jun 2025;5,15424
20 Jun 2025;5,17610
19 Jun 2025;5,18812
18 Jun 2025;5,19830
17 Jun 2025;5,33718
16 Jun 2025;5,40645
13 Jun 2025;5,28497
12 Jun 2025;5,40051
11 Jun 2025;5,45747
10 Jun 2025;5,68551
5 Jun 2025;5,70270
4 Jun 2025;5,68697
3 Jun 2025;5,74156
2 Jun 2025;5,76271
28 Mei 2025;5,87631
27 Mei 2025;5,70392
26 Mei 2025;5,82248
23 Mei 2025;5,72576
22 Mei 2025;5,74175
21 Mei 2025;5,83398
20 Mei 2025;5,77302
19 Mei 2025;5,87268
16 Mei 2025;5,85929
15 Mei 2025;5,85047
14 Mei 2025;5,96012
9 Mei 2025;5,98009
8 Mei 2025;5,87647
7 Mei 2025;5,83732
6 Mei 2025;5,81735
5 Mei 2025;5,82730
2 Mei 2025;5,80222
30 Apr 2025;5,89384
29 Apr 2025;5,82203
28 Apr 2025;5,79842
25 Apr 2025;5,76476
24 Apr 2025;5,70581
23 Apr 2025;5,71135
22 Apr 2025;5,71087
21 Apr 2025;5,76743
17 Apr 2025;5,62121
16 Apr 2025;5,67458
15 Apr 2025;5,57105
14 Apr 2025;5,43044
11 Apr 2025;5,56641
10 Apr 2025;5,66082
9 Apr 2025;5,74626
8 Apr 2025;5,98692
27 Mar 2025;6,67381
26 Mar 2025;6,09070
25 Mar 2025;5,99616
24 Mar 2025;5,99928
21 Mar 2025;5,80394
20 Mar 2025;5,81674
19 Mar 2025;5,76212
18 Mar 2025;5,78729
17 Mar 2025;5,79425
14 Mar 2025;5,68045
13 Mar 2025;5,58768
12 Mar 2025;5,62128
11 Mar 2025;5,73134
10 Mar 2025;5,76931
7 Mar 2025;5,67506
6 Mar 2025;5,71636
5 Mar 2025;5,67436
4 Mar 2025;5,81816
3 Mar 2025;5,88677
28 Feb 2025;5,73154
27 Feb 2025;5,63683
26 Feb 2025;5,63813
25 Feb 2025;5,81353
24 Feb 2025;5,83237
21 Feb 2025;5,80062
20 Feb 2025;5,81526
19 Feb 2025;5,66635
18 Feb 2025;5,69961
17 Feb 2025;5,71214
14 Feb 2025;5,64137
13 Feb 2025;5,65086
12 Feb 2025;5,66780
11 Feb 2025;5,63304
10 Feb 2025;5,77169
7 Feb 2025;5,69047
6 Feb 2025;5,78321
5 Feb 2025;5,75617
4 Feb 2025;5,78828
3 Feb 2025;5,79685
31 Jan 2025;5,83267
30 Jan 2025;5,85987
24 Jan 2025;5,92257
23 Jan 2025;5,72848
22 Jan 2025;5,73229
21 Jan 2025;5,76612
20 Jan 2025;5,82416
17 Jan 2025;5,75356
16 Jan 2025;5,76889
15 Jan 2025;5,98521
14 Jan 2025;6,03400
13 Jan 2025;6,15368
10 Jan 2025;6,05752
9 Jan 2025;6,05195
8 Jan 2025;6,04049
7 Jan 2025;6,05800
6 Jan 2025;6,07473
3 Jan 2025;5,98040
2 Jan 2025;6,02515
31 Des 2024;6,18031
30 Des 2024;6,15446
27 Des 2024;6,15811
24 Des 2024;6,14320
23 Des 2024;6,08589
20 Des 2024;5,99817
19 Des 2024;6,05434
18 Des 2024;6,07708
17 Des 2024;6,12594
16 Des 2024;6,15276
13 Des 2024;5,91717
12 Des 2024;5,85232
11 Des 2024;5,97182
10 Des 2024;6,09692
9 Des 2024;6,03864
6 Des 2024;5,97012
5 Des 2024;6,01360
4 Des 2024;6,09922
3 Des 2024;6,15043
2 Des 2024;6,18471
29 Nov 2024;6,16142
28 Nov 2024;6,09258
26 Nov 2024;6,12980
25 Nov 2024;6,18486
22 Nov 2024;6,12794
21 Nov 2024;6,18413
20 Nov 2024;6,20262
19 Nov 2024;6,20096
18 Nov 2024;6,18414
15 Nov 2024;6,07487
14 Nov 2024;6,05594
13 Nov 2024;6,09663
12 Nov 2024;6,15997
11 Nov 2024;6,17255
8 Nov 2024;6,05310
7 Nov 2024;6,07759
6 Nov 2024;5,99092
5 Nov 2024;6,11920
4 Nov 2024;6,10369
1 Nov 2024;6,00769
31 Okt 2024;5,97863
30 Okt 2024;6,03921
29 Okt 2024;6,11772
28 Okt 2024;6,14825
25 Okt 2024;6,08479
24 Okt 2024;6,14437
23 Okt 2024;6,18563
22 Okt 2024;6,24511
21 Okt 2024;6,24265
18 Okt 2024;6,12911
17 Okt 2024;6,20795
16 Okt 2024;6,15635
15 Okt 2024;6,16455
14 Okt 2024;6,24709
11 Okt 2024;6,20527
10 Okt 2024;6,23222
9 Okt 2024;6,20785
8 Okt 2024;6,20105
7 Okt 2024;6,20716
4 Okt 2024;6,11299
3 Okt 2024;6,21783
2 Okt 2024;6,18578
1 Okt 2024;6,21199
30 Sep 2024;6,17038
27 Sep 2024;6,12578
26 Sep 2024;6,16434
25 Sep 2024;6,13177
24 Sep 2024;6,24150
23 Sep 2024;6,23284
20 Sep 2024;6,18400
19 Sep 2024;6,15812
18 Sep 2024;6,24603
17 Sep 2024;6,43621
13 Sep 2024;6,33730
12 Sep 2024;6,37431
11 Sep 2024;6,38584
10 Sep 2024;6,46646
9 Sep 2024;6,44966
6 Sep 2024;6,31270
5 Sep 2024;6,35928
4 Sep 2024;6,35494
3 Sep 2024;6,45084
2 Sep 2024;6,45024
30 Agt 2024;6,35094
29 Agt 2024;6,31811
28 Agt 2024;6,41291
27 Agt 2024;6,42759
26 Agt 2024;6,41908
23 Agt 2024;6,29344
22 Agt 2024;6,39481
21 Agt 2024;6,36778
20 Agt 2024;6,38783
19 Agt 2024;6,38068
16 Agt 2024;6,14579
15 Agt 2024;6,19598
14 Agt 2024;6,21475
13 Agt 2024;6,30102
12 Agt 2024;6,33309
9 Agt 2024;6,24310
8 Agt 2024;6,25356
7 Agt 2024;6,23723
6 Agt 2024;6,25148
5 Agt 2024;6,29456
2 Agt 2024;6,23271
1 Agt 2024;6,24652
31 Jul 2024;6,23915
30 Jul 2024;6,21959
29 Jul 2024;6,26852
26 Jul 2024;6,25024
25 Jul 2024;6,24144
24 Jul 2024;6,19748
23 Jul 2024;6,19606
22 Jul 2024;6,19939
19 Jul 2024;6,13466
18 Jul 2024;6,10858
17 Jul 2024;6,12276
16 Jul 2024;6,15337
15 Jul 2024;6,21141
12 Jul 2024;6,27537
11 Jul 2024;6,27254
10 Jul 2024;6,18312
9 Jul 2024;6,13968
8 Jul 2024;6,16116
5 Jul 2024;6,13209
4 Jul 2024;6,15763
3 Jul 2024;6,18341
2 Jul 2024;6,16532
1 Jul 2024;6,15344
28 Jun 2024;6,15189
27 Jun 2024;6,09005
26 Jun 2024;6,12159
25 Jun 2024;6,12549
24 Jun 2024;6,04946
21 Jun 2024;6,05914
20 Jun 2024;6,13190
19 Jun 2024;6,09491
14 Jun 2024;6,15424
13 Jun 2024;6,04140
12 Jun 2024;6,02475
11 Jun 2024;6,00776
10 Jun 2024;6,05231
7 Jun 2024;5,97999
6 Jun 2024;5,96930
5 Jun 2024;6,01698
4 Jun 2024;6,05248
3 Jun 2024;6,11369
31 Mei 2024;6,10684
30 Mei 2024;6,03621
29 Mei 2024;6,00691
28 Mei 2024;6,00684
27 Mei 2024;6,12463
22 Mei 2024;6,11381
21 Mei 2024;6,04574
20 Mei 2024;6,15607
17 Mei 2024;6,00893
16 Mei 2024;6,00869
15 Mei 2024;6,15281
14 Mei 2024;6,27631
13 Mei 2024;6,30424
8 Mei 2024;6,39688
7 Mei 2024;6,20849
6 Mei 2024;6,17673
3 Mei 2024;6,05207
2 Mei 2024;6,10342
30 Apr 2024;6,07260
29 Apr 2024;6,00701
26 Apr 2024;5,97516
25 Apr 2024;5,99899
24 Apr 2024;5,95210
23 Apr 2024;5,93247
22 Apr 2024;5,92960
19 Apr 2024;5,77255
18 Apr 2024;5,88104
17 Apr 2024;5,91447
16 Apr 2024;5,95767
5 Apr 2024;6,18946
4 Apr 2024;5,85136
3 Apr 2024;5,87569
2 Apr 2024;5,89140
1 Apr 2024;5,90295
28 Mar 2024;5,90622
27 Mar 2024;5,84558
26 Mar 2024;5,81074
25 Mar 2024;5,88761
22 Mar 2024;5,78299
21 Mar 2024;5,86411
20 Mar 2024;5,87117
19 Mar 2024;5,87493
18 Mar 2024;5,86637
15 Mar 2024;5,81877
14 Mar 2024;5,98201
13 Mar 2024;5,97746
8 Mar 2024;6,01364
7 Mar 2024;5,90659
6 Mar 2024;5,93319
5 Mar 2024;5,92185
4 Mar 2024;5,95341
1 Mar 2024;5,84014
29 Feb 2024;5,79040
28 Feb 2024;5,84431
27 Feb 2024;5,89114
26 Feb 2024;5,95837
23 Feb 2024;5,79474
22 Feb 2024;5,95496
21 Feb 2024;5,97755
20 Feb 2024;5,96687
19 Feb 2024;5,92446
16 Feb 2024;5,85766
15 Feb 2024;5,90803
13 Feb 2024;5,92255
12 Feb 2024;5,93181
7 Feb 2024;6,10665
6 Feb 2024;5,93614
5 Feb 2024;5,92025
2 Feb 2024;5,82683
1 Feb 2024;5,83942
31 Jan 2024;5,80700
30 Jan 2024;5,78505
29 Jan 2024;5,85488
26 Jan 2024;5,77896
25 Jan 2024;5,80021
24 Jan 2024;5,81850
23 Jan 2024;5,78550
22 Jan 2024;5,85677
19 Jan 2024;5,78497
18 Jan 2024;5,81624
17 Jan 2024;5,80132
16 Jan 2024;5,81035
15 Jan 2024;5,84247
12 Jan 2024;5,75296
11 Jan 2024;5,82418
10 Jan 2024;5,83041
9 Jan 2024;5,82488
8 Jan 2024;5,87681
5 Jan 2024;5,80473
4 Jan 2024;5,81019
3 Jan 2024;5,79820
2 Jan 2024;5,81976
29 Des 2023;5,88369
28 Des 2023;5,83043
27 Des 2023;5,88308
22 Des 2023;5,88446
21 Des 2023;5,90498
20 Des 2023;5,84845
19 Des 2023;5,88954
18 Des 2023;5,91305
15 Des 2023;5,83293
14 Des 2023;5,85780
13 Des 2023;5,82576
12 Des 2023;5,89852
11 Des 2023;5,87329
8 Des 2023;5,83025
7 Des 2023;5,86672
6 Des 2023;5,87027
5 Des 2023;5,94200
4 Des 2023;5,92554
1 Des 2023;5,81452
30 Nov 2023;5,92558
29 Nov 2023;5,91708
28 Nov 2023;5,92141
27 Nov 2023;5,88174
24 Nov 2023;5,79959
23 Nov 2023;5,86292
22 Nov 2023;5,88027
21 Nov 2023;5,89659
20 Nov 2023;5,89520
17 Nov 2023;5,84818
16 Nov 2023;5,86397
15 Nov 2023;5,86621
14 Nov 2023;5,82642
13 Nov 2023;5,84406
10 Nov 2023;5,82100
9 Nov 2023;5,82971
8 Nov 2023;5,85764
7 Nov 2023;5,83353
6 Nov 2023;5,84789
3 Nov 2023;5,81647
2 Nov 2023;5,84207
1 Nov 2023;5,83313
31 Okt 2023;5,84737
30 Okt 2023;5,81727
27 Okt 2023;5,77995
26 Okt 2023;5,84092
25 Okt 2023;5,82178
24 Okt 2023;5,82592
23 Okt 2023;5,84030
20 Okt 2023;5,78602
19 Okt 2023;5,67193
18 Okt 2023;5,64122
17 Okt 2023;5,64213
16 Okt 2023;5,63901
13 Okt 2023;5,50645
12 Okt 2023;5,53714
11 Okt 2023;5,57153
10 Okt 2023;5,61351
9 Okt 2023;5,64148
6 Okt 2023;5,57815
5 Okt 2023;5,64623
4 Okt 2023;5,59354
3 Okt 2023;5,60200
2 Okt 2023;5,59766
29 Sep 2023;5,62849
27 Sep 2023;5,61283
26 Sep 2023;5,64129
25 Sep 2023;5,62918
22 Sep 2023;5,53083
21 Sep 2023;5,62676
20 Sep 2023;5,56417
19 Sep 2023;5,61830
18 Sep 2023;5,62799
15 Sep 2023;5,60196
14 Sep 2023;5,58901
13 Sep 2023;5,55652
12 Sep 2023;5,58813
11 Sep 2023;5,65134
8 Sep 2023;5,50456
7 Sep 2023;5,61966
6 Sep 2023;5,62862
5 Sep 2023;5,59350
4 Sep 2023;5,61342
1 Sep 2023;5,53193
31 Agt 2023;5,56757
30 Agt 2023;5,56252
29 Agt 2023;5,58458
28 Agt 2023;5,66753
25 Agt 2023;5,60162
24 Agt 2023;5,64836
23 Agt 2023;5,58797
22 Agt 2023;5,65054
21 Agt 2023;5,69086
18 Agt 2023;5,54142
16 Agt 2023;5,64418
15 Agt 2023;5,59405
14 Agt 2023;5,66281
11 Agt 2023;5,60818
10 Agt 2023;5,63660
9 Agt 2023;5,62923
8 Agt 2023;5,65505
7 Agt 2023;5,69142
4 Agt 2023;5,58698
3 Agt 2023;5,61455
2 Agt 2023;5,62446
1 Agt 2023;5,60192
31 Jul 2023;5,69259
28 Jul 2023;5,56894
27 Jul 2023;5,55981
26 Jul 2023;5,56165
25 Jul 2023;5,51541
24 Jul 2023;5,60999
21 Jul 2023;5,55470
20 Jul 2023;5,58635
18 Jul 2023;5,56959
17 Jul 2023;5,62660
14 Jul 2023;5,63222
13 Jul 2023;5,57389
12 Jul 2023;5,64924
11 Jul 2023;5,63707
10 Jul 2023;5,66698
7 Jul 2023;5,58165
6 Jul 2023;5,69276
5 Jul 2023;5,68226
4 Jul 2023;5,62131
3 Jul 2023;5,58532
27 Jun 2023;5,91394
26 Jun 2023;5,64693
23 Jun 2023;5,60599
22 Jun 2023;5,62522
21 Jun 2023;5,62494
20 Jun 2023;5,64502
19 Jun 2023;5,64497
16 Jun 2023;5,54529
15 Jun 2023;5,58977
14 Jun 2023;5,58303
13 Jun 2023;5,57963
12 Jun 2023;5,62493
9 Jun 2023;5,52708
8 Jun 2023;5,56869
7 Jun 2023;5,51433
6 Jun 2023;5,54155
5 Jun 2023;5,56710
31 Mei 2023;5,62651
30 Mei 2023;5,50733
29 Mei 2023;5,55273
26 Mei 2023;5,41750
25 Mei 2023;5,48714
24 Mei 2023;5,46304
23 Mei 2023;5,52872
22 Mei 2023;5,55689
19 Mei 2023;5,51278
17 Mei 2023;5,50226
16 Mei 2023;5,54630
15 Mei 2023;5,57729
12 Mei 2023;5,59501
11 Mei 2023;5,66261
10 Mei 2023;5,60868
9 Mei 2023;5,63739
8 Mei 2023;5,62021
5 Mei 2023;5,50507
4 Mei 2023;5,58150
3 Mei 2023;5,61167
2 Mei 2023;5,62477
28 Apr 2023;5,71020
27 Apr 2023;5,60199
26 Apr 2023;5,59410
18 Apr 2023;5,97701
17 Apr 2023;5,65217
14 Apr 2023;5,55409
13 Apr 2023;5,59227
12 Apr 2023;5,55296
11 Apr 2023;5,62382
10 Apr 2023;5,62280
6 Apr 2023;5,57491
5 Apr 2023;5,59492
4 Apr 2023;5,55958
3 Apr 2023;5,60211
31 Mar 2023;5,61878
30 Mar 2023;5,56227
29 Mar 2023;5,60492
28 Mar 2023;5,58792
27 Mar 2023;5,67521
24 Mar 2023;5,47922
21 Mar 2023;5,61674
20 Mar 2023;5,69310
17 Mar 2023;5,56054
16 Mar 2023;5,64028
15 Mar 2023;5,52842
14 Mar 2023;5,57804
13 Mar 2023;5,69779
10 Mar 2023;5,54076
9 Mar 2023;5,55440
8 Mar 2023;5,58598
7 Mar 2023;5,56088
6 Mar 2023;5,61266
3 Mar 2023;5,47369
2 Mar 2023;5,64127
1 Mar 2023;5,58572
28 Feb 2023;5,61976
27 Feb 2023;5,58038
24 Feb 2023;5,50065
23 Feb 2023;5,54649
22 Feb 2023;5,56167
21 Feb 2023;5,60820
20 Feb 2023;5,65039
17 Feb 2023;5,44984
16 Feb 2023;5,54124
15 Feb 2023;5,47331
14 Feb 2023;5,46811
13 Feb 2023;5,58338
10 Feb 2023;5,40308
9 Feb 2023;5,51108
8 Feb 2023;5,46086
7 Feb 2023;5,47796
6 Feb 2023;5,48185
3 Feb 2023;5,38766
2 Feb 2023;5,46633
1 Feb 2023;5,40303
31 Jan 2023;5,39178
30 Jan 2023;5,36193
27 Jan 2023;5,28259
26 Jan 2023;5,32462
25 Jan 2023;5,27237
24 Jan 2023;5,23184
20 Jan 2023;5,18782
19 Jan 2023;5,13088
18 Jan 2023;5,01632
17 Jan 2023;5,01591
16 Jan 2023;5,00586
13 Jan 2023;4,99823
12 Jan 2023;4,98633
11 Jan 2023;5,02410
10 Jan 2023;5,01714
9 Jan 2023;4,99084
6 Jan 2023;4,94880
5 Jan 2023;4,98724
4 Jan 2023;4,98532
3 Jan 2023;4,97659
2 Jan 2023;4,96026
30 Des 2022;5,02413
29 Des 2022;4,97859
28 Des 2022;4,99196
27 Des 2022;4,96943
26 Des 2022;4,98980
23 Des 2022;4,96515
22 Des 2022;4,90568
21 Des 2022;4,80484
20 Des 2022;4,80902
19 Des 2022;4,80971
16 Des 2022;4,80020
15 Des 2022;4,81774
14 Des 2022;4,84076
13 Des 2022;4,83753
12 Des 2022;4,83240
9 Des 2022;4,76394
8 Des 2022;4,83640
7 Des 2022;4,81607
6 Des 2022;4,81782
5 Des 2022;4,81130
2 Des 2022;4,81791
1 Des 2022;4,81744
30 Nov 2022;4,80699
29 Nov 2022;4,79619
28 Nov 2022;4,80929
25 Nov 2022;4,80966
24 Nov 2022;4,81067
23 Nov 2022;4,81712
22 Nov 2022;4,80013
21 Nov 2022;4,77784
18 Nov 2022;4,64119
17 Nov 2022;4,55404
16 Nov 2022;4,29783
15 Nov 2022;4,28828
14 Nov 2022;4,29435
11 Nov 2022;4,31169
10 Nov 2022;4,29218
9 Nov 2022;4,29829
8 Nov 2022;4,29542
7 Nov 2022;4,28415
4 Nov 2022;4,29585
3 Nov 2022;4,27480
2 Nov 2022;4,27364
1 Nov 2022;4,27158
31 Okt 2022;4,25256
28 Okt 2022;4,22193
27 Okt 2022;4,29073
26 Okt 2022;4,29311
25 Okt 2022;4,28051
24 Okt 2022;4,27741
21 Okt 2022;4,18276
20 Okt 2022;4,15336
19 Okt 2022;3,82486
18 Okt 2022;3,85243
17 Okt 2022;3,86296
14 Okt 2022;3,81321
13 Okt 2022;3,84933
12 Okt 2022;3,84468
11 Okt 2022;3,85169
10 Okt 2022;3,86384
7 Okt 2022;3,82007
6 Okt 2022;3,83695
5 Okt 2022;3,83937
4 Okt 2022;3,83827
3 Okt 2022;3,84657
30 Sep 2022;3,84190
29 Sep 2022;3,82811
28 Sep 2022;3,79394
27 Sep 2022;3,76708
26 Sep 2022;3,73879
23 Sep 2022;3,65590
22 Sep 2022;3,54553
21 Sep 2022;3,33277
20 Sep 2022;3,37577
19 Sep 2022;3,38964
16 Sep 2022;3,29602
15 Sep 2022;3,35510
14 Sep 2022;3,34632
13 Sep 2022;3,34813
12 Sep 2022;3,31614
9 Sep 2022;3,25566
8 Sep 2022;3,29342
7 Sep 2022;3,27416
6 Sep 2022;3,25396
5 Sep 2022;3,24283
2 Sep 2022;3,18056
1 Sep 2022;3,19360
31 Agt 2022;3,13390
30 Agt 2022;3,14869
29 Agt 2022;3,12545
26 Agt 2022;3,09758
25 Agt 2022;3,10741
24 Agt 2022;3,07891
23 Agt 2022;2,84384
22 Agt 2022;2,81275
19 Agt 2022;2,81039
18 Agt 2022;2,81018
16 Agt 2022;2,80938
15 Agt 2022;2,80797
12 Agt 2022;2,80224
11 Agt 2022;2,81052
10 Agt 2022;2,80232
9 Agt 2022;2,80431
8 Agt 2022;2,80237
5 Agt 2022;2,80282
4 Agt 2022;2,80223
3 Agt 2022;2,80127
2 Agt 2022;2,80074
1 Agt 2022;2,80000
29 Jul 2022;2,79860
28 Jul 2022;2,79364
27 Jul 2022;2,80096
26 Jul 2022;2,79949
25 Jul 2022;2,79954
22 Jul 2022;2,79303
21 Jul 2022;2,79854
20 Jul 2022;2,79588
19 Jul 2022;2,79861
18 Jul 2022;2,79151
15 Jul 2022;2,78849
14 Jul 2022;2,78522
13 Jul 2022;2,78356
12 Jul 2022;2,78386
11 Jul 2022;2,78389
8 Jul 2022;2,78983
7 Jul 2022;2,77985
6 Jul 2022;2,78015
5 Jul 2022;2,78064
4 Jul 2022;2,78318
1 Jul 2022;2,78603
30 Jun 2022;2,79581
29 Jun 2022;2,78160
28 Jun 2022;2,79016
27 Jun 2022;2,78807
24 Jun 2022;2,79853
23 Jun 2022;2,79770
22 Jun 2022;2,79635
21 Jun 2022;2,78643
20 Jun 2022;2,78302
17 Jun 2022;2,79272
16 Jun 2022;2,78714
15 Jun 2022;2,78644
14 Jun 2022;2,78853
13 Jun 2022;2,79060
10 Jun 2022;2,79057
9 Jun 2022;2,78614
8 Jun 2022;2,79042
7 Jun 2022;2,78595
6 Jun 2022;2,78603
3 Jun 2022;2,78959
2 Jun 2022;2,78226
31 Mei 2022;2,79062
30 Mei 2022;2,78613
27 Mei 2022;2,78681
25 Mei 2022;2,78862
24 Mei 2022;2,78486
23 Mei 2022;2,78558
20 Mei 2022;2,78858
19 Mei 2022;2,78420
18 Mei 2022;2,78503
17 Mei 2022;2,78316
13 Mei 2022;2,79361
12 Mei 2022;2,78656
11 Mei 2022;2,78430
10 Mei 2022;2,78563
9 Mei 2022;2,78260
28 Apr 2022;3,49440
27 Apr 2022;2,81428
26 Apr 2022;2,79794
25 Apr 2022;2,79637
22 Apr 2022;2,78521
21 Apr 2022;2,78654
20 Apr 2022;2,78540
19 Apr 2022;2,78448
18 Apr 2022;2,78668
14 Apr 2022;2,79336
13 Apr 2022;2,78873
12 Apr 2022;2,78510
11 Apr 2022;2,78822
8 Apr 2022;2,78738
7 Apr 2022;2,78575
6 Apr 2022;2,78784
5 Apr 2022;2,78398
4 Apr 2022;2,78527
1 Apr 2022;2,78754
31 Mar 2022;2,78967
30 Mar 2022;2,78650
29 Mar 2022;2,78587
28 Mar 2022;2,78592
25 Mar 2022;2,78482
24 Mar 2022;2,78075
23 Mar 2022;2,78311
22 Mar 2022;2,78208
21 Mar 2022;2,78455
18 Mar 2022;2,78484
17 Mar 2022;2,78592
16 Mar 2022;2,78333
15 Mar 2022;2,78589
14 Mar 2022;2,78449
11 Mar 2022;2,78845
10 Mar 2022;2,78574
9 Mar 2022;2,78756
8 Mar 2022;2,78593
7 Mar 2022;2,78868
4 Mar 2022;2,79255
2 Mar 2022;2,78822
1 Mar 2022;2,78657
25 Feb 2022;2,79327
24 Feb 2022;2,78420
23 Feb 2022;2,78563
22 Feb 2022;2,78487
21 Feb 2022;2,78881
18 Feb 2022;2,78628
17 Feb 2022;2,78235
16 Feb 2022;2,78358
15 Feb 2022;2,78505
14 Feb 2022;2,78016
11 Feb 2022;2,78803
10 Feb 2022;2,79085
9 Feb 2022;2,79206
8 Feb 2022;2,78646
7 Feb 2022;2,78970
4 Feb 2022;2,78487
3 Feb 2022;2,78482
2 Feb 2022;2,78521
31 Jan 2022;2,78740
28 Jan 2022;2,78711
27 Jan 2022;2,78742
26 Jan 2022;2,78835
25 Jan 2022;2,78596
24 Jan 2022;2,78661
21 Jan 2022;2,78651
20 Jan 2022;2,78700
19 Jan 2022;2,78866
18 Jan 2022;2,78725
17 Jan 2022;2,78573
14 Jan 2022;2,78693
13 Jan 2022;2,78166
12 Jan 2022;2,78841
11 Jan 2022;2,78583
10 Jan 2022;2,78349
7 Jan 2022;2,78686
6 Jan 2022;2,78388
5 Jan 2022;2,77936
4 Jan 2022;2,77729
3 Jan 2022;2,78064
31 Des 2021;2,78257
30 Des 2021;2,78909
29 Des 2021;2,78459
28 Des 2021;2,78407
27 Des 2021;2,79045
24 Des 2021;2,78908
23 Des 2021;2,78868
22 Des 2021;2,79071
21 Des 2021;2,78665
20 Des 2021;2,78662
17 Des 2021;2,78762
16 Des 2021;2,78581
15 Des 2021;2,79586
14 Des 2021;2,78908
13 Des 2021;2,78583
10 Des 2021;2,79341
9 Des 2021;2,78613
8 Des 2021;2,79351
7 Des 2021;2,78835
6 Des 2021;2,78899
3 Des 2021;2,79102
2 Des 2021;2,78762
1 Des 2021;2,79719
30 Nov 2021;2,79057
29 Nov 2021;2,79080
26 Nov 2021;2,78788
25 Nov 2021;2,78649
24 Nov 2021;2,79168
23 Nov 2021;2,78781
22 Nov 2021;2,78997
19 Nov 2021;2,78963
18 Nov 2021;2,78549
17 Nov 2021;2,78564
16 Nov 2021;2,78419
15 Nov 2021;2,79183
12 Nov 2021;2,79240
11 Nov 2021;2,79068
10 Nov 2021;2,79344
9 Nov 2021;2,78410
8 Nov 2021;2,79060
5 Nov 2021;2,79024
4 Nov 2021;2,78798
3 Nov 2021;2,79268
2 Nov 2021;2,79623
1 Nov 2021;2,79397
29 Okt 2021;2,79744
28 Okt 2021;2,79207
27 Okt 2021;2,79515
26 Okt 2021;2,78902
25 Okt 2021;2,78793
22 Okt 2021;2,79264
21 Okt 2021;2,78161
19 Okt 2021;2,79262
18 Okt 2021;2,78958
15 Okt 2021;2,79247
14 Okt 2021;2,79124
13 Okt 2021;2,79335
12 Okt 2021;2,78881
11 Okt 2021;2,79340
8 Okt 2021;2,79516
7 Okt 2021;2,79366
6 Okt 2021;2,81162
5 Okt 2021;2,79077
4 Okt 2021;2,78880
1 Okt 2021;2,78994
30 Sep 2021;2,79509
29 Sep 2021;2,79859
28 Sep 2021;2,79363
27 Sep 2021;2,79732
24 Sep 2021;2,79748
23 Sep 2021;2,79357
22 Sep 2021;2,79744
21 Sep 2021;2,79642
20 Sep 2021;2,80786
17 Sep 2021;2,78900
16 Sep 2021;2,78393
15 Sep 2021;2,78923
14 Sep 2021;2,79002
13 Sep 2021;2,79422
10 Sep 2021;2,79063
9 Sep 2021;2,78248
8 Sep 2021;2,79673
7 Sep 2021;2,78857
6 Sep 2021;2,79650
3 Sep 2021;2,78711
2 Sep 2021;2,78338
1 Sep 2021;2,79613
31 Agt 2021;2,78793
30 Agt 2021;2,78647
27 Agt 2021;2,78772
26 Agt 2021;2,78515
25 Agt 2021;2,79004
24 Agt 2021;2,78437
23 Agt 2021;2,78974
20 Agt 2021;2,79295
19 Agt 2021;2,79006
18 Agt 2021;2,78577
16 Agt 2021;2,79769
13 Agt 2021;2,79085
12 Agt 2021;2,78488
10 Agt 2021;2,78930
9 Agt 2021;2,78395
6 Agt 2021;2,78988
5 Agt 2021;2,78341
4 Agt 2021;2,79282
3 Agt 2021;2,78540
2 Agt 2021;2,78745
30 Jul 2021;2,81566
29 Jul 2021;2,79596
28 Jul 2021;2,79429
27 Jul 2021;2,79000
26 Jul 2021;2,78976
23 Jul 2021;2,78302
22 Jul 2021;2,78137
21 Jul 2021;2,78238
19 Jul 2021;2,79220
16 Jul 2021;2,79837
15 Jul 2021;2,78127
14 Jul 2021;2,79632
13 Jul 2021;2,78986
12 Jul 2021;2,79693
9 Jul 2021;2,79186
8 Jul 2021;2,79932
7 Jul 2021;2,79081
6 Jul 2021;2,78812
5 Jul 2021;2,78996
2 Jul 2021;2,78646
1 Jul 2021;2,79288
30 Jun 2021;2,79985
29 Jun 2021;2,79290
28 Jun 2021;2,79139
25 Jun 2021;2,78784
24 Jun 2021;2,78560
23 Jun 2021;2,78827
22 Jun 2021;2,78446
21 Jun 2021;2,78514
18 Jun 2021;2,77864
17 Jun 2021;2,79001
16 Jun 2021;2,78581
15 Jun 2021;2,79482
14 Jun 2021;2,79498
11 Jun 2021;2,79646
10 Jun 2021;2,79938
9 Jun 2021;2,79125
8 Jun 2021;2,79837
7 Jun 2021;2,79525
4 Jun 2021;2,79158
3 Jun 2021;2,79500
2 Jun 2021;2,79242
31 Mei 2021;2,79388
28 Mei 2021;2,79405
27 Mei 2021;2,79381
25 Mei 2021;2,79608
24 Mei 2021;2,79357
21 Mei 2021;2,79480
20 Mei 2021;2,79267
19 Mei 2021;2,79326
18 Mei 2021;2,79584
17 Mei 2021;2,78824
11 Mei 2021;2,91105
10 Mei 2021;2,79269
7 Mei 2021;2,79585
6 Mei 2021;2,79378
5 Mei 2021;2,79529
4 Mei 2021;2,80055
3 Mei 2021;2,79757
30 Apr 2021;2,79332
29 Apr 2021;2,79356
28 Apr 2021;2,78716
27 Apr 2021;2,78869
26 Apr 2021;2,78578
23 Apr 2021;2,78878
22 Apr 2021;2,78705
21 Apr 2021;2,78932
20 Apr 2021;2,79054
19 Apr 2021;2,79053
16 Apr 2021;2,79828
15 Apr 2021;2,79132
14 Apr 2021;2,78685
13 Apr 2021;2,79119
12 Apr 2021;2,79251
9 Apr 2021;2,79633
8 Apr 2021;2,79592
7 Apr 2021;2,79382
6 Apr 2021;2,79245
5 Apr 2021;2,79426
1 Apr 2021;2,79188
31 Mar 2021;2,79384
30 Mar 2021;2,79135
29 Mar 2021;2,79071
26 Mar 2021;2,78844
25 Mar 2021;2,80059
24 Mar 2021;2,79747
23 Mar 2021;2,79210
22 Mar 2021;2,79265
19 Mar 2021;2,79393
18 Mar 2021;2,79901
17 Mar 2021;2,78684
16 Mar 2021;2,79024
15 Mar 2021;2,79288
12 Mar 2021;2,79700
10 Mar 2021;2,79345
9 Mar 2021;2,79425
8 Mar 2021;2,79421
5 Mar 2021;2,79801
4 Mar 2021;2,79676
3 Mar 2021;2,79568
2 Mar 2021;2,79332
1 Mar 2021;2,79328
26 Feb 2021;2,80138
25 Feb 2021;2,79818
24 Feb 2021;2,79607
23 Feb 2021;2,79486
22 Feb 2021;2,79665
19 Feb 2021;2,80046
18 Feb 2021;3,00269
17 Feb 2021;3,04382
16 Feb 2021;3,04176
15 Feb 2021;3,04052
11 Feb 2021;3,04161
10 Feb 2021;3,04074
9 Feb 2021;3,04072
8 Feb 2021;3,04016
5 Feb 2021;3,04177
4 Feb 2021;3,04243
3 Feb 2021;3,03905
2 Feb 2021;3,03886
1 Feb 2021;3,03815
29 Jan 2021;3,03962
28 Jan 2021;3,03764
27 Jan 2021;3,03856
26 Jan 2021;3,03713
25 Jan 2021;3,03681
22 Jan 2021;3,04362
21 Jan 2021;3,03802
20 Jan 2021;3,03470
19 Jan 2021;3,03450
18 Jan 2021;3,03783
15 Jan 2021;3,04078
14 Jan 2021;3,04429
13 Jan 2021;3,03493
12 Jan 2021;3,03712
11 Jan 2021;3,03772
8 Jan 2021;3,03843
7 Jan 2021;3,03653
6 Jan 2021;3,03600
5 Jan 2021;3,03526
4 Jan 2021;3,04067
30 Des 2020;3,04537
29 Des 2020;3,03876
28 Des 2020;3,03446
23 Des 2020;3,04557
22 Des 2020;3,03589
21 Des 2020;3,03851
18 Des 2020;3,03547
17 Des 2020;3,03630
16 Des 2020;3,03552
15 Des 2020;3,03486
14 Des 2020;3,04000
11 Des 2020;3,03941
10 Des 2020;3,03946
8 Des 2020;3,03889
7 Des 2020;3,03787
4 Des 2020;3,04660
3 Des 2020;3,03642
2 Des 2020;3,03455
1 Des 2020;3,03674
30 Nov 2020;3,03990
27 Nov 2020;3,04298
26 Nov 2020;3,03699
25 Nov 2020;3,03712
24 Nov 2020;3,03723
23 Nov 2020;3,03350
20 Nov 2020;3,03995
19 Nov 2020;3,25156
18 Nov 2020;3,28774
17 Nov 2020;3,28733
16 Nov 2020;3,28914
13 Nov 2020;3,28691
12 Nov 2020;3,28354
11 Nov 2020;3,28603
10 Nov 2020;3,28864
9 Nov 2020;3,28729
6 Nov 2020;3,29109
5 Nov 2020;3,29287
4 Nov 2020;3,28691
3 Nov 2020;3,28537
2 Nov 2020;3,28677
27 Okt 2020;3,31818
26 Okt 2020;3,28703
23 Okt 2020;3,28596
22 Okt 2020;3,28837
21 Okt 2020;3,28756
20 Okt 2020;3,28622
19 Okt 2020;3,28834
16 Okt 2020;3,28927
15 Okt 2020;3,28765
14 Okt 2020;3,29052
13 Okt 2020;3,28681
12 Okt 2020;3,28324
9 Okt 2020;3,28436
8 Okt 2020;3,28595
7 Okt 2020;3,28559
6 Okt 2020;3,28297
5 Okt 2020;3,28568
2 Okt 2020;3,29184
1 Okt 2020;3,28322
30 Sep 2020;3,29010
29 Sep 2020;3,29167
28 Sep 2020;3,29502
25 Sep 2020;3,28716
24 Sep 2020;3,29037
23 Sep 2020;3,29630
22 Sep 2020;3,28612
21 Sep 2020;3,29532
18 Sep 2020;3,29076
17 Sep 2020;3,29087
16 Sep 2020;3,29082
15 Sep 2020;3,29114
14 Sep 2020;3,29304
11 Sep 2020;3,30137
10 Sep 2020;3,28756
9 Sep 2020;3,28527
8 Sep 2020;3,29231
7 Sep 2020;3,28665
4 Sep 2020;3,29728
3 Sep 2020;3,28312
2 Sep 2020;3,29954
1 Sep 2020;3,29765
31 Agt 2020;3,30797
28 Agt 2020;3,29390
27 Agt 2020;3,28521
26 Agt 2020;3,32578
25 Agt 2020;3,29287
24 Agt 2020;3,32176
19 Agt 2020;3,32000
18 Agt 2020;3,31037
14 Agt 2020;3,29016
13 Agt 2020;3,29188
12 Agt 2020;3,31307
11 Agt 2020;3,30256
10 Agt 2020;3,32615
7 Agt 2020;3,31929
6 Agt 2020;3,31266
5 Agt 2020;3,32291
4 Agt 2020;3,32389
3 Agt 2020;3,35998
30 Jul 2020;3,37339
29 Jul 2020;3,37966
28 Jul 2020;3,34837
27 Jul 2020;3,35213
24 Jul 2020;3,36451
23 Jul 2020;3,36741
22 Jul 2020;3,38330
21 Jul 2020;3,36597
20 Jul 2020;3,37519
17 Jul 2020;3,39745
16 Jul 2020;3,57320
15 Jul 2020;3,75618
14 Jul 2020;3,74884
13 Jul 2020;3,76862
10 Jul 2020;3,87465
9 Jul 2020;3,88019
8 Jul 2020;3,86220
7 Jul 2020;3,92434
6 Jul 2020;3,95539
3 Jul 2020;3,99534
2 Jul 2020;4,02959
1 Jul 2020;4,04699
30 Jun 2020;4,07890
29 Jun 2020;4,06786
26 Jun 2020;4,03050
25 Jun 2020;4,05508
24 Jun 2020;4,06078
23 Jun 2020;4,04925
22 Jun 2020;4,05793
19 Jun 2020;4,06051
18 Jun 2020;4,25614
17 Jun 2020;4,27178
16 Jun 2020;4,29686
15 Jun 2020;4,33247
12 Jun 2020;4,32172
11 Jun 2020;4,31547
10 Jun 2020;4,29856
9 Jun 2020;4,31114
8 Jun 2020;4,32528
5 Jun 2020;4,33530
4 Jun 2020;4,34656
3 Jun 2020;4,31964
2 Jun 2020;4,33511
29 Mei 2020;4,32059
28 Mei 2020;4,31514
27 Mei 2020;4,30341
26 Mei 2020;4,30202
20 Mei 2020;4,51572
19 Mei 2020;4,30453
18 Mei 2020;4,33754
15 Mei 2020;4,31732
14 Mei 2020;4,31671
13 Mei 2020;4,32473
12 Mei 2020;4,31162
11 Mei 2020;4,32816
8 Mei 2020;4,31494
6 Mei 2020;4,33416
5 Mei 2020;4,32618
4 Mei 2020;4,31338
30 Apr 2020;4,32338
29 Apr 2020;4,31352
28 Apr 2020;4,31216
27 Apr 2020;4,31056
24 Apr 2020;4,30170
23 Apr 2020;4,30952
22 Apr 2020;4,30165
21 Apr 2020;4,30951
20 Apr 2020;4,30705
17 Apr 2020;4,30493
16 Apr 2020;4,32005
15 Apr 2020;4,30093
14 Apr 2020;4,31213
13 Apr 2020;4,31048
9 Apr 2020;4,31834
8 Apr 2020;4,32410
7 Apr 2020;4,30529
6 Apr 2020;4,31302
3 Apr 2020;4,31521
2 Apr 2020;4,30683
1 Apr 2020;4,31962
31 Mar 2020;4,34398
30 Mar 2020;4,31834
27 Mar 2020;4,31347
26 Mar 2020;4,31771
24 Mar 2020;4,33330
23 Mar 2020;4,32786
20 Mar 2020;4,29587
19 Mar 2020;4,44367
18 Mar 2020;4,54888
17 Mar 2020;4,54885
16 Mar 2020;4,56865
13 Mar 2020;4,59015
12 Mar 2020;4,58843
11 Mar 2020;4,59536
10 Mar 2020;4,58089
9 Mar 2020;4,60614
6 Mar 2020;4,59208
5 Mar 2020;4,61299
4 Mar 2020;4,58280
3 Mar 2020;4,59563
2 Mar 2020;4,58465
28 Feb 2020;4,58365
27 Feb 2020;4,59636
26 Feb 2020;4,58816
25 Feb 2020;4,57554
24 Feb 2020;4,56880
21 Feb 2020;4,60413
20 Feb 2020;4,70561
19 Feb 2020;4,83694
18 Feb 2020;4,82365
17 Feb 2020;4,82138
14 Feb 2020;4,84170
13 Feb 2020;4,83908
12 Feb 2020;4,83677
11 Feb 2020;4,83292
10 Feb 2020;4,82803
7 Feb 2020;4,80408
6 Feb 2020;4,80823
5 Feb 2020;4,81241
4 Feb 2020;4,80849
3 Feb 2020;4,80753
31 Jan 2020;4,80881
30 Jan 2020;4,84007
29 Jan 2020;4,83420
28 Jan 2020;4,80349
27 Jan 2020;4,87129
24 Jan 2020;4,79462
23 Jan 2020;4,80839
22 Jan 2020;4,82131
21 Jan 2020;4,82311
20 Jan 2020;4,84311
17 Jan 2020;4,79941
16 Jan 2020;4,78679
15 Jan 2020;4,83171
14 Jan 2020;4,80324
13 Jan 2020;4,80890
10 Jan 2020;4,79881
9 Jan 2020;4,79999
8 Jan 2020;4,79525
7 Jan 2020;4,78843
6 Jan 2020;4,80987
3 Jan 2020;4,80678
2 Jan 2020;4,81729
31 Des 2019;4,88427
30 Des 2019;4,84254
27 Des 2019;4,80867
26 Des 2019;4,80354
23 Des 2019;4,82910
20 Des 2019;4,83481
19 Des 2019;4,83377
18 Des 2019;4,82903
17 Des 2019;4,84545
16 Des 2019;4,81622
13 Des 2019;4,82313
12 Des 2019;4,81055
11 Des 2019;4,82036
10 Des 2019;4,81770
9 Des 2019;4,83213
6 Des 2019;4,83761
5 Des 2019;4,80813
4 Des 2019;4,80198
3 Des 2019;4,82474
2 Des 2019;4,83004
29 Nov 2019;4,84806
28 Nov 2019;4,82503
27 Nov 2019;4,81627
26 Nov 2019;4,80421
25 Nov 2019;4,84690
22 Nov 2019;4,79631
21 Nov 2019;4,82448
20 Nov 2019;4,83013
19 Nov 2019;4,83871
18 Nov 2019;4,84050
15 Nov 2019;4,80181
14 Nov 2019;4,84209
13 Nov 2019;4,80676
12 Nov 2019;4,84519
11 Nov 2019;4,84646
8 Nov 2019;4,85488
7 Nov 2019;4,89709
6 Nov 2019;4,83757
5 Nov 2019;4,83792
4 Nov 2019;4,83732
1 Nov 2019;4,85095
31 Okt 2019;4,85785
30 Okt 2019;4,85772
29 Okt 2019;4,86195
28 Okt 2019;4,87698
25 Okt 2019;4,84571
24 Okt 2019;4,99595
23 Okt 2019;5,08633
22 Okt 2019;5,10482
21 Okt 2019;5,10136
18 Okt 2019;5,09595
17 Okt 2019;5,06469
16 Okt 2019;5,09161
15 Okt 2019;5,09125
14 Okt 2019;5,10152
11 Okt 2019;5,10740
10 Okt 2019;5,14031
9 Okt 2019;5,07560
8 Okt 2019;5,09013
7 Okt 2019;5,10491
4 Okt 2019;5,08302
3 Okt 2019;5,10143
2 Okt 2019;5,07608
1 Okt 2019;5,09320
30 Sep 2019;5,13491
27 Sep 2019;5,09365
26 Sep 2019;5,07768
25 Sep 2019;5,11111
24 Sep 2019;5,09504
23 Sep 2019;5,15658
20 Sep 2019;5,07867
19 Sep 2019;5,16105
18 Sep 2019;5,31199
17 Sep 2019;5,31286
16 Sep 2019;5,33471
13 Sep 2019;5,31546
12 Sep 2019;5,36040
11 Sep 2019;5,34511
10 Sep 2019;5,34693
9 Sep 2019;5,33750
6 Sep 2019;5,30383
5 Sep 2019;5,30178
4 Sep 2019;5,29894
3 Sep 2019;5,29639
2 Sep 2019;5,28530
30 Agt 2019;5,31773
29 Agt 2019;5,34303
28 Agt 2019;5,31140
27 Agt 2019;5,30237
26 Agt 2019;5,31607
23 Agt 2019;5,28145
22 Agt 2019;5,44513
21 Agt 2019;5,57706
20 Agt 2019;5,64595
19 Agt 2019;5,63987
16 Agt 2019;5,64954
15 Agt 2019;5,61417
14 Agt 2019;5,62901
13 Agt 2019;5,76049
12 Agt 2019;5,76120
9 Agt 2019;5,59327
8 Agt 2019;5,59175
7 Agt 2019;5,57822
6 Agt 2019;5,62016
5 Agt 2019;5,68565
2 Agt 2019;5,61672
1 Agt 2019;5,60796
31 Jul 2019;5,62575
30 Jul 2019;5,59427
29 Jul 2019;5,64085
26 Jul 2019;5,61022
25 Jul 2019;5,67854
24 Jul 2019;5,63143
23 Jul 2019;5,60362
22 Jul 2019;5,63804
19 Jul 2019;5,65207
18 Jul 2019;5,81476
17 Jul 2019;5,85563
16 Jul 2019;5,79866
15 Jul 2019;5,82647
12 Jul 2019;5,79576
11 Jul 2019;5,82209
10 Jul 2019;5,88483
9 Jul 2019;5,88413
8 Jul 2019;5,84192
5 Jul 2019;5,85613
4 Jul 2019;5,90820
3 Jul 2019;5,79759
2 Jul 2019;5,79491
1 Jul 2019;5,79225
28 Jun 2019;5,83999
27 Jun 2019;5,82840
26 Jun 2019;5,87699
25 Jun 2019;5,84518
24 Jun 2019;5,89849
21 Jun 2019;5,79485
20 Jun 2019;5,86080
19 Jun 2019;5,81062
18 Jun 2019;5,82467
17 Jun 2019;5,86882
14 Jun 2019;5,81883
13 Jun 2019;5,83156
12 Jun 2019;5,85056
11 Jun 2019;5,87227
10 Jun 2019;5,87773
31 Mei 2019;6,12768
29 Mei 2019;5,94418
28 Mei 2019;5,86929
27 Mei 2019;5,76158
24 Mei 2019;5,87773
23 Mei 2019;5,91017
22 Mei 2019;6,01138
21 Mei 2019;5,81030
20 Mei 2019;5,87786
17 Mei 2019;5,84216
16 Mei 2019;5,80196
15 Mei 2019;5,84251
14 Mei 2019;5,89801
13 Mei 2019;5,88713
10 Mei 2019;5,87739
9 Mei 2019;5,89010
8 Mei 2019;5,78031
7 Mei 2019;5,82443
6 Mei 2019;5,81347
3 Mei 2019;5,93385
2 Mei 2019;5,82171
30 Apr 2019;5,88409
29 Apr 2019;5,89530
26 Apr 2019;5,94135
25 Apr 2019;5,92325
24 Apr 2019;5,85468
23 Apr 2019;5,89283
22 Apr 2019;5,90681
18 Apr 2019;5,97680
16 Apr 2019;5,81986
15 Apr 2019;5,88126
12 Apr 2019;6,03298
11 Apr 2019;6,16424
10 Apr 2019;6,11042
9 Apr 2019;6,06141
8 Apr 2019;5,97323
5 Apr 2019;5,89279
4 Apr 2019;5,88042
2 Apr 2019;5,89424
1 Apr 2019;5,81852
29 Mar 2019;5,94054
28 Mar 2019;6,16128
27 Mar 2019;5,92561
26 Mar 2019;5,97842
25 Mar 2019;5,96655
22 Mar 2019;5,85065
21 Mar 2019;5,81278
20 Mar 2019;5,83876
19 Mar 2019;5,83205
18 Mar 2019;5,84717
15 Mar 2019;5,77692
14 Mar 2019;5,82538
13 Mar 2019;5,84992
12 Mar 2019;5,88034
11 Mar 2019;5,88770
8 Mar 2019;5,90691
6 Mar 2019;5,83255
5 Mar 2019;5,88322
4 Mar 2019;5,84101
1 Mar 2019;5,81758
28 Feb 2019;5,72793
27 Feb 2019;5,79390
26 Feb 2019;5,77893
25 Feb 2019;5,88964
22 Feb 2019;5,77579
21 Feb 2019;5,74993
20 Feb 2019;5,82375
19 Feb 2019;5,97274
18 Feb 2019;5,92156
15 Feb 2019;5,81242
14 Feb 2019;5,87834
13 Feb 2019;5,90024
12 Feb 2019;6,00224
11 Feb 2019;6,06987
8 Feb 2019;5,82637
7 Feb 2019;5,84296
6 Feb 2019;5,80733
4 Feb 2019;5,92226
1 Feb 2019;5,83099
31 Jan 2019;5,83205
30 Jan 2019;5,84940
29 Jan 2019;5,93817
28 Jan 2019;5,97002
25 Jan 2019;5,85655
24 Jan 2019;5,86054
23 Jan 2019;5,92079
22 Jan 2019;5,94429
21 Jan 2019;5,90763
18 Jan 2019;5,91201
17 Jan 2019;5,89561
16 Jan 2019;5,89577
15 Jan 2019;5,81360
14 Jan 2019;5,87189
11 Jan 2019;5,83910
10 Jan 2019;5,84592
9 Jan 2019;5,80594
8 Jan 2019;5,80673
7 Jan 2019;5,84838
4 Jan 2019;5,77554
3 Jan 2019;5,80071
2 Jan 2019;5,77476
31 Des 2018;5,82907
28 Des 2018;5,74448
27 Des 2018;5,72504
26 Des 2018;5,81991
21 Des 2018;5,78903
20 Des 2018;5,75741
19 Des 2018;5,80548
18 Des 2018;5,81094
17 Des 2018;5,81611
14 Des 2018;5,79024
13 Des 2018;5,80627
12 Des 2018;5,77862
11 Des 2018;5,85529
10 Des 2018;5,79420
7 Des 2018;5,86825
6 Des 2018;5,82508
5 Des 2018;5,82333
4 Des 2018;5,82875
3 Des 2018;5,80416
30 Nov 2018;5,87168
29 Nov 2018;5,80162
28 Nov 2018;5,83436
27 Nov 2018;5,84444
26 Nov 2018;5,80648
23 Nov 2018;5,87280
22 Nov 2018;5,83072
21 Nov 2018;5,88376
19 Nov 2018;5,87842
16 Nov 2018;5,86376
15 Nov 2018;5,66912
14 Nov 2018;5,70277
13 Nov 2018;5,71645
12 Nov 2018;5,62028
9 Nov 2018;5,66802
8 Nov 2018;5,60557
7 Nov 2018;5,63490
6 Nov 2018;5,61048
5 Nov 2018;5,65505
2 Nov 2018;5,60655
1 Nov 2018;5,57892
31 Okt 2018;5,58830
30 Okt 2018;5,55855
29 Okt 2018;5,60749
26 Okt 2018;5,59867
25 Okt 2018;5,60725
24 Okt 2018;5,58461
23 Okt 2018;5,55069
22 Okt 2018;5,62008
19 Okt 2018;5,59620
18 Okt 2018;5,54298
17 Okt 2018;5,56725
16 Okt 2018;5,60893
15 Okt 2018;5,74857
12 Okt 2018;5,81482
11 Okt 2018;5,76955
10 Okt 2018;5,68284
9 Okt 2018;5,61458
8 Okt 2018;5,59833
5 Okt 2018;5,62351
4 Okt 2018;5,54617
3 Okt 2018;5,53256
2 Okt 2018;5,56940
1 Okt 2018;5,54809
28 Sep 2018;5,63341
27 Sep 2018;5,43639
26 Sep 2018;5,28956
25 Sep 2018;5,35500
24 Sep 2018;5,41505
21 Sep 2018;5,39398
20 Sep 2018;5,42199
19 Sep 2018;5,42067
18 Sep 2018;5,38804
17 Sep 2018;5,39167
14 Sep 2018;5,44484
13 Sep 2018;5,41486
12 Sep 2018;5,38990
10 Sep 2018;5,34811
7 Sep 2018;5,29037
6 Sep 2018;5,33046
5 Sep 2018;5,34293
4 Sep 2018;5,36607
3 Sep 2018;5,37032
31 Agt 2018;5,36286
30 Agt 2018;5,37855
29 Agt 2018;5,33917
28 Agt 2018;5,32827
27 Agt 2018;5,34557
24 Agt 2018;5,29099
23 Agt 2018;5,39689
21 Agt 2018;5,41474
20 Agt 2018;5,34717
16 Agt 2018;5,27480
15 Agt 2018;5,13021
14 Agt 2018;5,13061
13 Agt 2018;5,07314
10 Agt 2018;5,00909
9 Agt 2018;5,02712
8 Agt 2018;5,02948
7 Agt 2018;5,03797
6 Agt 2018;5,02704
3 Agt 2018;4,97313
2 Agt 2018;5,00285
1 Agt 2018;4,98096
