Tanggal Publikasi,indonia
2019-01-02,5.77476
2019-01-03,5.80071
2019-01-04,5.77554
2019-01-07,5.84838
2019-01-08,5.80673
2019-01-09,5.80594
2019-01-10,5.84592
2019-01-11,5.8391
2019-01-14,5.87189
2019-01-15,5.8136
2019-01-16,5.89577
2019-01-17,5.89561
2019-01-18,5.91201
2019-01-21,5.90763
2019-01-22,5.94429
2019-01-23,5.92079
2019-01-24,5.86054
2019-01-25,5.85655
2019-01-28,5.97002
2019-01-29,5.93817
2019-01-30,5.8494
2019-01-31,5.83205
2019-02-01,5.83099
2019-02-04,5.92226
2019-02-06,5.80733
2019-02-07,5.84296
2019-02-08,5.82637
2019-02-11,6.06987
2019-02-12,6.00224
2019-02-13,5.90024
2019-02-14,5.87834
2019-02-15,5.81242
2019-02-18,5.92156
2019-02-19,5.97274
2019-02-20,5.82375
2019-02-21,5.74993
2019-02-22,5.77579
2019-02-25,5.88964
2019-02-26,5.77893
2019-02-27,5.7939
2019-02-28,5.72793
2019-03-01,5.81758
2019-03-04,5.84101
2019-03-05,5.88322
2019-03-06,5.83255
2019-03-08,5.90691
2019-03-11,5.8877
2019-03-12,5.88034
2019-03-13,5.84992
2019-03-14,5.82538
2019-03-15,5.77692
2019-03-18,5.84717
2019-03-19,5.83205
2019-03-20,5.83876
2019-03-21,5.81278
2019-03-22,5.85065
2019-03-25,5.96655
2019-03-26,5.97842
2019-03-27,5.92561
2019-03-28,6.16128
2019-03-29,5.94054
2019-04-01,5.81852
2019-04-02,5.89424
2019-04-04,5.88042
2019-04-05,5.89279
2019-04-08,5.97323
2019-04-09,6.06141
2019-04-10,6.11042
2019-04-11,6.16424
2019-04-12,6.03298
2019-04-15,5.88126
2019-04-16,5.81986
2019-04-18,5.9768
2019-04-22,5.90681
2019-04-23,5.89283
2019-04-24,5.85468
2019-04-25,5.92325
2019-04-26,5.94135
2019-04-29,5.8953
2019-04-30,5.88409
2019-05-02,5.82171
2019-05-03,5.93385
2019-05-06,5.81347
2019-05-07,5.82443
2019-05-08,5.78031
2019-05-09,5.8901
2019-05-10,5.87739
2019-05-13,5.88713
2019-05-14,5.89801
2019-05-15,5.84251
2019-05-16,5.80196
2019-05-17,5.84216
2019-05-20,5.87786
2019-05-21,5.8103
2019-05-22,6.01138
2019-05-23,5.91017
2019-05-24,5.87773
2019-05-27,5.76158
2019-05-28,5.86929
2019-05-29,5.94418
2019-05-31,6.12768
2019-06-10,5.87773
2019-06-11,5.87227
2019-06-12,5.85056
2019-06-13,5.83156
2019-06-14,5.81883
2019-06-17,5.86882
2019-06-18,5.82467
2019-06-19,5.81062
2019-06-20,5.8608
2019-06-21,5.79485
2019-06-24,5.89849
2019-06-25,5.84518
2019-06-26,5.87699
2019-06-27,5.8284
2019-06-28,5.83999
2019-07-01,5.79225
2019-07-02,5.79491
2019-07-03,5.79759
2019-07-04,5.9082
2019-07-05,5.85613
2019-07-08,5.84192
2019-07-09,5.88413
2019-07-10,5.88483
2019-07-11,5.82209
2019-07-12,5.79576
2019-07-15,5.82647
2019-07-16,5.79866
2019-07-17,5.85563
2019-07-18,5.81476
2019-07-19,5.65207
2019-07-22,5.63804
2019-07-23,5.60362
2019-07-24,5.63143
2019-07-25,5.67854
2019-07-26,5.61022
2019-07-29,5.64085
2019-07-30,5.59427
2019-07-31,5.62575
2019-08-01,5.60796
2019-08-02,5.61672
2019-08-05,5.68565
2019-08-06,5.62016
2019-08-07,5.57822
2019-08-08,5.59175
2019-08-09,5.59327
2019-08-12,5.7612
2019-08-13,5.76049
2019-08-14,5.62901
2019-08-15,5.61417
2019-08-16,5.64954
2019-08-19,5.63987
2019-08-20,5.64595
2019-08-21,5.57706
2019-08-22,5.44513
2019-08-23,5.28145
2019-08-26,5.31607
2019-08-27,5.30237
2019-08-28,5.3114
2019-08-29,5.34303
2019-08-30,5.31773
2019-09-02,5.2853
2019-09-03,5.29639
2019-09-04,5.29894
2019-09-05,5.30178
2019-09-06,5.30383
2019-09-09,5.3375
2019-09-10,5.34693
2019-09-11,5.34511
2019-09-12,5.3604
2019-09-13,5.31546
2019-09-16,5.33471
2019-09-17,5.31286
2019-09-18,5.31199
2019-09-19,5.16105
2019-09-20,5.07867
2019-09-23,5.15658
2019-09-24,5.09504
2019-09-25,5.11111
2019-09-26,5.07768
2019-09-27,5.09365
2019-09-30,5.13491
2019-10-01,5.0932
2019-10-02,5.07608
2019-10-03,5.10143
2019-10-04,5.08302
2019-10-07,5.10491
2019-10-08,5.09013
2019-10-09,5.0756
2019-10-10,5.14031
2019-10-11,5.1074
2019-10-14,5.10152
2019-10-15,5.09125
2019-10-16,5.09161
2019-10-17,5.06469
2019-10-18,5.09595
2019-10-21,5.10136
2019-10-22,5.10482
2019-10-23,5.08633
2019-10-24,4.99595
2019-10-25,4.84571
2019-10-28,4.87698
2019-10-29,4.86195
2019-10-30,4.85772
2019-10-31,4.85785
2019-11-01,4.85095
2019-11-04,4.83732
2019-11-05,4.83792
2019-11-06,4.83757
2019-11-07,4.89709
2019-11-08,4.85488
2019-11-11,4.84646
2019-11-12,4.84519
2019-11-13,4.80676
2019-11-14,4.84209
2019-11-15,4.80181
2019-11-18,4.8405
2019-11-19,4.83871
2019-11-20,4.83013
2019-11-21,4.82448
2019-11-22,4.79631
2019-11-25,4.8469
2019-11-26,4.80421
2019-11-27,4.81627
2019-11-28,4.82503
2019-11-29,4.84806
2019-12-02,4.83004
2019-12-03,4.82474
2019-12-04,4.80198
2019-12-05,4.80813
2019-12-06,4.83761
2019-12-09,4.83213
2019-12-10,4.8177
2019-12-11,4.82036
2019-12-12,4.81055
2019-12-13,4.82313
2019-12-16,4.81622
2019-12-17,4.84545
2019-12-18,4.82903
2019-12-19,4.83377
2019-12-20,4.83481
2019-12-23,4.8291
2019-12-26,4.80354
2019-12-27,4.80867
2019-12-30,4.84254
2019-12-31,4.88427
2020-01-02,4.81729
2020-01-03,4.80678
2020-01-06,4.80987
2020-01-07,4.78843
2020-01-08,4.79525
2020-01-09,4.79999
2020-01-10,4.79881
2020-01-13,4.8089
2020-01-14,4.80324
2020-01-15,4.83171
2020-01-16,4.78679
2020-01-17,4.79941
2020-01-20,4.84311
2020-01-21,4.82311
2020-01-22,4.82131
2020-01-23,4.80839
2020-01-24,4.79462
2020-01-27,4.87129
2020-01-28,4.80349
2020-01-29,4.8342
2020-01-30,4.84007
2020-01-31,4.80881
2020-02-03,4.80753
2020-02-04,4.80849
2020-02-05,4.81241
2020-02-06,4.80823
2020-02-07,4.80408
2020-02-10,4.82803
2020-02-11,4.83292
2020-02-12,4.83677
2020-02-13,4.83908
2020-02-14,4.8417
2020-02-17,4.82138
2020-02-18,4.82365
2020-02-19,4.83694
2020-02-20,4.70561
2020-02-21,4.60413
2020-02-24,4.5688
2020-02-25,4.57554
2020-02-26,4.58816
2020-02-27,4.59636
2020-02-28,4.58365
2020-03-02,4.58465
2020-03-03,4.59563
2020-03-04,4.5828
2020-03-05,4.61299
2020-03-06,4.59208
2020-03-09,4.60614
2020-03-10,4.58089
2020-03-11,4.59536
2020-03-12,4.58843
2020-03-13,4.59015
2020-03-16,4.56865
2020-03-17,4.54885
2020-03-18,4.54888
2020-03-19,4.44367
2020-03-20,4.29587
2020-03-23,4.32786
2020-03-24,4.3333
2020-03-26,4.31771
2020-03-27,4.31347
2020-03-30,4.31834
2020-03-31,4.34398
2020-04-01,4.31962
2020-04-02,4.30683
2020-04-03,4.31521
2020-04-06,4.31302
2020-04-07,4.30529
2020-04-08,4.3241
2020-04-09,4.31834
2020-04-13,4.31048
2020-04-14,4.31213
2020-04-15,4.30093
2020-04-16,4.32005
2020-04-17,4.30493
2020-04-20,4.30705
2020-04-21,4.30951
2020-04-22,4.30165
2020-04-23,4.30952
2020-04-24,4.3017
2020-04-27,4.31056
2020-04-28,4.31216
2020-04-29,4.31352
2020-04-30,4.32338
2020-05-04,4.31338
2020-05-05,4.32618
2020-05-06,4.33416
2020-05-08,4.31494
2020-05-11,4.32816
2020-05-12,4.31162
2020-05-13,4.32473
2020-05-14,4.31671
2020-05-15,4.31732
2020-05-18,4.33754
2020-05-19,4.30453
2020-05-20,4.51572
2020-05-26,4.30202
2020-05-27,4.30341
2020-05-28,4.31514
2020-05-29,4.32059
2020-06-02,4.33511
2020-06-03,4.31964
2020-06-04,4.34656
2020-06-05,4.3353
2020-06-08,4.32528
2020-06-09,4.31114
2020-06-10,4.29856
2020-06-11,4.31547
2020-06-12,4.32172
2020-06-15,4.33247
2020-06-16,4.29686
2020-06-17,4.27178
2020-06-18,4.25614
2020-06-19,4.06051
2020-06-22,4.05793
2020-06-23,4.04925
2020-06-24,4.06078
2020-06-25,4.05508
2020-06-26,4.0305
2020-06-29,4.06786
2020-06-30,4.0789
2020-07-01,4.04699
2020-07-02,4.02959
2020-07-03,3.99534
2020-07-06,3.95539
2020-07-07,3.92434
2020-07-08,3.8622
2020-07-09,3.88019
2020-07-10,3.87465
2020-07-13,3.76862
2020-07-14,3.74884
2020-07-15,3.75618
2020-07-16,3.5732
2020-07-17,3.39745
2020-07-20,3.37519
2020-07-21,3.36597
2020-07-22,3.3833
2020-07-23,3.36741
2020-07-24,3.36451
2020-07-27,3.35213
2020-07-28,3.34837
2020-07-29,3.37966
2020-07-30,3.37339
2020-08-03,3.35998
2020-08-04,3.32389
2020-08-05,3.32291
2020-08-06,3.31266
2020-08-07,3.31929
2020-08-10,3.32615
2020-08-11,3.30256
2020-08-12,3.31307
2020-08-13,3.29188
2020-08-14,3.29016
2020-08-18,3.31037
2020-08-19,3.32
2020-08-24,3.32176
2020-08-25,3.29287
2020-08-26,3.32578
2020-08-27,3.28521
2020-08-28,3.2939
2020-08-31,3.30797
2020-09-01,3.29765
2020-09-02,3.29954
2020-09-03,3.28312
2020-09-04,3.29728
2020-09-07,3.28665
2020-09-08,3.29231
2020-09-09,3.28527
2020-09-10,3.28756
2020-09-11,3.30137
2020-09-14,3.29304
2020-09-15,3.29114
2020-09-16,3.29082
2020-09-17,3.29087
2020-09-18,3.29076
2020-09-21,3.29532
2020-09-22,3.28612
2020-09-23,3.2963
2020-09-24,3.29037
2020-09-25,3.28716
2020-09-28,3.29502
2020-09-29,3.29167
2020-09-30,3.2901
2020-10-01,3.28322
2020-10-02,3.29184
2020-10-05,3.28568
2020-10-06,3.28297
2020-10-07,3.28559
2020-10-08,3.28595
2020-10-09,3.28436
2020-10-12,3.28324
2020-10-13,3.28681
2020-10-14,3.29052
2020-10-15,3.28765
2020-10-16,3.28927
2020-10-19,3.28834
2020-10-20,3.28622
2020-10-21,3.28756
2020-10-22,3.28837
2020-10-23,3.28596
2020-10-26,3.28703
2020-10-27,3.31818
2020-11-02,3.28677
2020-11-03,3.28537
2020-11-04,3.28691
2020-11-05,3.29287
2020-11-06,3.29109
2020-11-09,3.28729
2020-11-10,3.28864
2020-11-11,3.28603
2020-11-12,3.28354
2020-11-13,3.28691
2020-11-16,3.28914
2020-11-17,3.28733
2020-11-18,3.28774
2020-11-19,3.25156
2020-11-20,3.03995
2020-11-23,3.0335
2020-11-24,3.03723
2020-11-25,3.03712
2020-11-26,3.03699
2020-11-27,3.04298
2020-11-30,3.0399
2020-12-01,3.03674
2020-12-02,3.03455
2020-12-03,3.03642
2020-12-04,3.0466
2020-12-07,3.03787
2020-12-08,3.03889
2020-12-10,3.03946
2020-12-11,3.03941
2020-12-14,3.04
2020-12-15,3.03486
2020-12-16,3.03552
2020-12-17,3.0363
2020-12-18,3.03547
2020-12-21,3.03851
2020-12-22,3.03589
2020-12-23,3.04557
2020-12-28,3.03446
2020-12-29,3.03876
2020-12-30,3.04537
2021-01-04,3.04067
2021-01-05,3.03526
2021-01-06,3.036
2021-01-07,3.03653
2021-01-08,3.03843
2021-01-11,3.03772
2021-01-12,3.03712
2021-01-13,3.03493
2021-01-14,3.04429
2021-01-15,3.04078
2021-01-18,3.03783
2021-01-19,3.0345
2021-01-20,3.0347
2021-01-21,3.03802
2021-01-22,3.04362
2021-01-25,3.03681
2021-01-26,3.03713
2021-01-27,3.03856
2021-01-28,3.03764
2021-01-29,3.03962
2021-02-01,3.03815
2021-02-02,3.03886
2021-02-03,3.03905
2021-02-04,3.04243
2021-02-05,3.04177
2021-02-08,3.04016
2021-02-09,3.04072
2021-02-10,3.04074
2021-02-11,3.04161
2021-02-15,3.04052
2021-02-16,3.04176
2021-02-17,3.04382
2021-02-18,3.00269
2021-02-19,2.80046
2021-02-22,2.79665
2021-02-23,2.79486
2021-02-24,2.79607
2021-02-25,2.79818
2021-02-26,2.80138
2021-03-01,2.79328
2021-03-02,2.79332
2021-03-03,2.79568
2021-03-04,2.79676
2021-03-05,2.79801
2021-03-08,2.79421
2021-03-09,2.79425
2021-03-10,2.79345
2021-03-12,2.797
2021-03-15,2.79288
2021-03-16,2.79024
2021-03-17,2.78684
2021-03-18,2.79901
2021-03-19,2.79393
2021-03-22,2.79265
2021-03-23,2.7921
2021-03-24,2.79747
2021-03-25,2.80059
2021-03-26,2.78844
2021-03-29,2.79071
2021-03-30,2.79135
2021-03-31,2.79384
2021-04-01,2.79188
2021-04-05,2.79426
2021-04-06,2.79245
2021-04-07,2.79382
2021-04-08,2.79592
2021-04-09,2.79633
2021-04-12,2.79251
2021-04-13,2.79119
2021-04-14,2.78685
2021-04-15,2.79132
2021-04-16,2.79828
2021-04-19,2.79053
2021-04-20,2.79054
2021-04-21,2.78932
2021-04-22,2.78705
2021-04-23,2.78878
2021-04-26,2.78578
2021-04-27,2.78869
2021-04-28,2.78716
2021-04-29,2.79356
2021-04-30,2.79332
2021-05-03,2.79757
2021-05-04,2.80055
2021-05-05,2.79529
2021-05-06,2.79378
2021-05-07,2.79585
2021-05-10,2.79269
2021-05-11,2.91105
2021-05-17,2.78824
2021-05-18,2.79584
2021-05-19,2.79326
2021-05-20,2.79267
2021-05-21,2.7948
2021-05-24,2.79357
2021-05-25,2.79608
2021-05-27,2.79381
2021-05-28,2.79405
2021-05-31,2.79388
2021-06-02,2.79242
2021-06-03,2.795
2021-06-04,2.79158
2021-06-07,2.79525
2021-06-08,2.79837
2021-06-09,2.79125
2021-06-10,2.79938
2021-06-11,2.79646
2021-06-14,2.79498
2021-06-15,2.79482
2021-06-16,2.78581
2021-06-17,2.79001
2021-06-18,2.77864
2021-06-21,2.78514
2021-06-22,2.78446
2021-06-23,2.78827
2021-06-24,2.7856
2021-06-25,2.78784
2021-06-28,2.79139
2021-06-29,2.7929
2021-06-30,2.79985
2021-07-01,2.79288
2021-07-02,2.78646
2021-07-05,2.78996
2021-07-06,2.78812
2021-07-07,2.79081
2021-07-08,2.79932
2021-07-09,2.79186
2021-07-12,2.79693
2021-07-13,2.78986
2021-07-14,2.79632
2021-07-15,2.78127
2021-07-16,2.79837
2021-07-19,2.7922
2021-07-21,2.78238
2021-07-22,2.78137
2021-07-23,2.78302
2021-07-26,2.78976
2021-07-27,2.79
2021-07-28,2.79429
2021-07-29,2.79596
2021-07-30,2.81566
2021-08-02,2.78745
2021-08-03,2.7854
2021-08-04,2.79282
2021-08-05,2.78341
2021-08-06,2.78988
2021-08-09,2.78395
2021-08-10,2.7893
2021-08-12,2.78488
2021-08-13,2.79085
2021-08-16,2.79769
2021-08-18,2.78577
2021-08-19,2.79006
2021-08-20,2.79295
2021-08-23,2.78974
2021-08-24,2.78437
2021-08-25,2.79004
2021-08-26,2.78515
2021-08-27,2.78772
2021-08-30,2.78647
2021-08-31,2.78793
2021-09-01,2.79613
2021-09-02,2.78338
2021-09-03,2.78711
2021-09-06,2.7965
2021-09-07,2.78857
2021-09-08,2.79673
2021-09-09,2.78248
2021-09-10,2.79063
2021-09-13,2.79422
2021-09-14,2.79002
2021-09-15,2.78923
2021-09-16,2.78393
2021-09-17,2.789
2021-09-20,2.80786
2021-09-21,2.79642
2021-09-22,2.79744
2021-09-23,2.79357
2021-09-24,2.79748
2021-09-27,2.79732
2021-09-28,2.79363
2021-09-29,2.79859
2021-09-30,2.79509
2021-10-01,2.78994
2021-10-04,2.7888
2021-10-05,2.79077
2021-10-06,2.81162
2021-10-07,2.79366
2021-10-08,2.79516
2021-10-11,2.7934
2021-10-12,2.78881
2021-10-13,2.79335
2021-10-14,2.79124
2021-10-15,2.79247
2021-10-18,2.78958
2021-10-19,2.79262
2021-10-21,2.78161
2021-10-22,2.79264
2021-10-25,2.78793
2021-10-26,2.78902
2021-10-27,2.79515
2021-10-28,2.79207
2021-10-29,2.79744
2021-11-01,2.79397
2021-11-02,2.79623
2021-11-03,2.79268
2021-11-04,2.78798
2021-11-05,2.79024
2021-11-08,2.7906
2021-11-09,2.7841
2021-11-10,2.79344
2021-11-11,2.79068
2021-11-12,2.7924
2021-11-15,2.79183
2021-11-16,2.78419
2021-11-17,2.78564
2021-11-18,2.78549
2021-11-19,2.78963
2021-11-22,2.78997
2021-11-23,2.78781
2021-11-24,2.79168
2021-11-25,2.78649
2021-11-26,2.78788
2021-11-29,2.7908
2021-11-30,2.79057
2021-12-01,2.79719
2021-12-02,2.78762
2021-12-03,2.79102
2021-12-06,2.78899
2021-12-07,2.78835
2021-12-08,2.79351
2021-12-09,2.78613
2021-12-10,2.79341
2021-12-13,2.78583
2021-12-14,2.78908
2021-12-15,2.79586
2021-12-16,2.78581
2021-12-17,2.78762
2021-12-20,2.78662
2021-12-21,2.78665
2021-12-22,2.79071
2021-12-23,2.78868
2021-12-24,2.78908
2021-12-27,2.79045
2021-12-28,2.78407
2021-12-29,2.78459
2021-12-30,2.78909
2021-12-31,2.78257
2022-01-03,2.78064
2022-01-04,2.77729
2022-01-05,2.77936
2022-01-06,2.78388
2022-01-07,2.78686
2022-01-10,2.78349
2022-01-11,2.78583
2022-01-12,2.78841
2022-01-13,2.78166
2022-01-14,2.78693
2022-01-17,2.78573
2022-01-18,2.78725
2022-01-19,2.78866
2022-01-20,2.787
2022-01-21,2.78651
2022-01-24,2.78661
2022-01-25,2.78596
2022-01-26,2.78835
2022-01-27,2.78742
2022-01-28,2.78711
2022-01-31,2.7874
2022-02-02,2.78521
2022-02-03,2.78482
2022-02-04,2.78487
2022-02-07,2.7897
2022-02-08,2.78646
2022-02-09,2.79206
2022-02-10,2.79085
2022-02-11,2.78803
2022-02-14,2.78016
2022-02-15,2.78505
2022-02-16,2.78358
2022-02-17,2.78235
2022-02-18,2.78628
2022-02-21,2.78881
2022-02-22,2.78487
2022-02-23,2.78563
2022-02-24,2.7842
2022-02-25,2.79327
2022-03-01,2.78657
2022-03-02,2.78822
2022-03-04,2.79255
2022-03-07,2.78868
2022-03-08,2.78593
2022-03-09,2.78756
2022-03-10,2.78574
2022-03-11,2.78845
2022-03-14,2.78449
2022-03-15,2.78589
2022-03-16,2.78333
2022-03-17,2.78592
2022-03-18,2.78484
2022-03-21,2.78455
2022-03-22,2.78208
2022-03-23,2.78311
2022-03-24,2.78075
2022-03-25,2.78482
2022-03-28,2.78592
2022-03-29,2.78587
2022-03-30,2.7865
2022-03-31,2.78967
2022-04-01,2.78754
2022-04-04,2.78527
2022-04-05,2.78398
2022-04-06,2.78784
2022-04-07,2.78575
2022-04-08,2.78738
2022-04-11,2.78822
2022-04-12,2.7851
2022-04-13,2.78873
2022-04-14,2.79336
2022-04-18,2.78668
2022-04-19,2.78448
2022-04-20,2.7854
2022-04-21,2.78654
2022-04-22,2.78521
2022-04-25,2.79637
2022-04-26,2.79794
2022-04-27,2.81428
2022-04-28,3.4944
2022-05-09,2.7826
2022-05-10,2.78563
2022-05-11,2.7843
2022-05-12,2.78656
2022-05-13,2.79361
2022-05-17,2.78316
2022-05-18,2.78503
2022-05-19,2.7842
2022-05-20,2.78858
2022-05-23,2.78558
2022-05-24,2.78486
2022-05-25,2.78862
2022-05-27,2.78681
2022-05-30,2.78613
2022-05-31,2.79062
2022-06-02,2.78226
2022-06-03,2.78959
2022-06-06,2.78603
2022-06-07,2.78595
2022-06-08,2.79042
2022-06-09,2.78614
2022-06-10,2.79057
2022-06-13,2.7906
2022-06-14,2.78853
2022-06-15,2.78644
2022-06-16,2.78714
2022-06-17,2.79272
2022-06-20,2.78302
2022-06-21,2.78643
2022-06-22,2.79635
2022-06-23,2.7977
2022-06-24,2.79853
2022-06-27,2.78807
2022-06-28,2.79016
2022-06-29,2.7816
2022-06-30,2.79581
2022-07-01,2.78603
2022-07-04,2.78318
2022-07-05,2.78064
2022-07-06,2.78015
2022-07-07,2.77985
2022-07-08,2.78983
2022-07-11,2.78389
2022-07-12,2.78386
2022-07-13,2.78356
2022-07-14,2.78522
2022-07-15,2.78849
2022-07-18,2.79151
2022-07-19,2.79861
2022-07-20,2.79588
2022-07-21,2.79854
2022-07-22,2.79303
2022-07-25,2.79954
2022-07-26,2.79949
2022-07-27,2.80096
2022-07-28,2.79364
2022-07-29,2.7986
2022-08-01,2.8
2022-08-02,2.80074
2022-08-03,2.80127
2022-08-04,2.80223
2022-08-05,2.80282
2022-08-08,2.80237
2022-08-09,2.80431
2022-08-10,2.80232
2022-08-11,2.81052
2022-08-12,2.80224
2022-08-15,2.80797
2022-08-16,2.80938
2022-08-18,2.81018
2022-08-19,2.81039
2022-08-22,2.81275
2022-08-23,2.84384
2022-08-24,3.07891
2022-08-25,3.10741
2022-08-26,3.09758
2022-08-29,3.12545
2022-08-30,3.14869
2022-08-31,3.1339
2022-09-01,3.1936
2022-09-02,3.18056
2022-09-05,3.24283
2022-09-06,3.25396
2022-09-07,3.27416
2022-09-08,3.29342
2022-09-09,3.25566
2022-09-12,3.31614
2022-09-13,3.34813
2022-09-14,3.34632
2022-09-15,3.3551
2022-09-16,3.29602
2022-09-19,3.38964
2022-09-20,3.37577
2022-09-21,3.33277
2022-09-22,3.54553
2022-09-23,3.6559
2022-09-26,3.73879
2022-09-27,3.76708
2022-09-28,3.79394
2022-09-29,3.82811
2022-09-30,3.8419
2022-10-03,3.84657
2022-10-04,3.83827
2022-10-05,3.83937
2022-10-06,3.83695
2022-10-07,3.82007
2022-10-10,3.86384
2022-10-11,3.85169
2022-10-12,3.84468
2022-10-13,3.84933
2022-10-14,3.81321
2022-10-17,3.86296
2022-10-18,3.85243
2022-10-19,3.82486
2022-10-20,4.15336
2022-10-21,4.18276
2022-10-24,4.27741
2022-10-25,4.28051
2022-10-26,4.29311
2022-10-27,4.29073
2022-10-28,4.22193
2022-10-31,4.25256
2022-11-01,4.27158
2022-11-02,4.27364
2022-11-03,4.2748
2022-11-04,4.29585
2022-11-07,4.28415
2022-11-08,4.29542
2022-11-09,4.29829
2022-11-10,4.29218
2022-11-11,4.31169
2022-11-14,4.29435
2022-11-15,4.28828
2022-11-16,4.29783
2022-11-17,4.55404
2022-11-18,4.64119
2022-11-21,4.77784
2022-11-22,4.80013
2022-11-23,4.81712
2022-11-24,4.81067
2022-11-25,4.80966
2022-11-28,4.80929
2022-11-29,4.79619
2022-11-30,4.80699
2022-12-01,4.81744
2022-12-02,4.81791
2022-12-05,4.8113
2022-12-06,4.81782
2022-12-07,4.81607
2022-12-08,4.8364
2022-12-09,4.76394
2022-12-12,4.8324
2022-12-13,4.83753
2022-12-14,4.84076
2022-12-15,4.81774
2022-12-16,4.8002
2022-12-19,4.80971
2022-12-20,4.80902
2022-12-21,4.80484
2022-12-22,4.90568
2022-12-23,4.96515
2022-12-26,4.9898
2022-12-27,4.96943
2022-12-28,4.99196
2022-12-29,4.97859
2022-12-30,5.02413
2023-01-02,4.96026
2023-01-03,4.97659
2023-01-04,4.98532
2023-01-05,4.98724
2023-01-06,4.9488
2023-01-09,4.99084
2023-01-10,5.01714
2023-01-11,5.0241
2023-01-12,4.98633
2023-01-13,4.99823
2023-01-16,5.00586
2023-01-17,5.01591
2023-01-18,5.01632
2023-01-19,5.13088
2023-01-20,5.18782
2023-01-24,5.23184
2023-01-25,5.27237
2023-01-26,5.32462
2023-01-27,5.28259
2023-01-30,5.36193
2023-01-31,5.39178
2023-02-01,5.40303
2023-02-02,5.46633
2023-02-03,5.38766
2023-02-06,5.48185
2023-02-07,5.47796
2023-02-08,5.46086
2023-02-09,5.51108
2023-02-10,5.40308
2023-02-13,5.58338
2023-02-14,5.46811
2023-02-15,5.47331
2023-02-16,5.54124
2023-02-17,5.44984
2023-02-20,5.65039
2023-02-21,5.6082
2023-02-22,5.56167
2023-02-23,5.54649
2023-02-24,5.50065
2023-02-27,5.58038
2023-02-28,5.61976
2023-03-01,5.58572
2023-03-02,5.64127
2023-03-03,5.47369
2023-03-06,5.61266
2023-03-07,5.56088
2023-03-08,5.58598
2023-03-09,5.5544
2023-03-10,5.54076
2023-03-13,5.69779
2023-03-14,5.57804
2023-03-15,5.52842
2023-03-16,5.64028
2023-03-17,5.56054
2023-03-20,5.6931
2023-03-21,5.61674
2023-03-24,5.47922
2023-03-27,5.67521
2023-03-28,5.58792
2023-03-29,5.60492
2023-03-30,5.56227
2023-03-31,5.61878
2023-04-03,5.60211
2023-04-04,5.55958
2023-04-05,5.59492
2023-04-06,5.57491
2023-04-10,5.6228
2023-04-11,5.62382
2023-04-12,5.55296
2023-04-13,5.59227
2023-04-14,5.55409
2023-04-17,5.65217
2023-04-18,5.97701
2023-04-26,5.5941
2023-04-27,5.60199
2023-04-28,5.7102
2023-05-02,5.62477
2023-05-03,5.61167
2023-05-04,5.5815
2023-05-05,5.50507
2023-05-08,5.62021
2023-05-09,5.63739
2023-05-10,5.60868
2023-05-11,5.66261
2023-05-12,5.59501
2023-05-15,5.57729
2023-05-16,5.5463
2023-05-17,5.50226
2023-05-19,5.51278
2023-05-22,5.55689
2023-05-23,5.52872
2023-05-24,5.46304
2023-05-25,5.48714
2023-05-26,5.4175
2023-05-29,5.55273
2023-05-30,5.50733
2023-05-31,5.62651
2023-06-05,5.5671
2023-06-06,5.54155
2023-06-07,5.51433
2023-06-08,5.56869
2023-06-09,5.52708
2023-06-12,5.62493
2023-06-13,5.57963
2023-06-14,5.58303
2023-06-15,5.58977
2023-06-16,5.54529
2023-06-19,5.64497
2023-06-20,5.64502
2023-06-21,5.62494
2023-06-22,5.62522
2023-06-23,5.60599
2023-06-26,5.64693
2023-06-27,5.91394
2023-07-03,5.58532
2023-07-04,5.62131
2023-07-05,5.68226
2023-07-06,5.69276
2023-07-07,5.58165
2023-07-10,5.66698
2023-07-11,5.63707
2023-07-12,5.64924
2023-07-13,5.57389
2023-07-14,5.63222
2023-07-17,5.6266
2023-07-18,5.56959
2023-07-20,5.58635
2023-07-21,5.5547
2023-07-24,5.60999
2023-07-25,5.51541
2023-07-26,5.56165
2023-07-27,5.55981
2023-07-28,5.56894
2023-07-31,5.69259
2023-08-01,5.60192
2023-08-02,5.62446
2023-08-03,5.61455
2023-08-04,5.58698
2023-08-07,5.69142
2023-08-08,5.65505
2023-08-09,5.62923
2023-08-10,5.6366
2023-08-11,5.60818
2023-08-14,5.66281
2023-08-15,5.59405
2023-08-16,5.64418
2023-08-18,5.54142
2023-08-21,5.69086
2023-08-22,5.65054
2023-08-23,5.58797
2023-08-24,5.64836
2023-08-25,5.60162
2023-08-28,5.66753
2023-08-29,5.58458
2023-08-30,5.56252
2023-08-31,5.56757
2023-09-01,5.53193
2023-09-04,5.61342
2023-09-05,5.5935
2023-09-06,5.62862
2023-09-07,5.61966
2023-09-08,5.50456
2023-09-11,5.65134
2023-09-12,5.58813
2023-09-13,5.55652
2023-09-14,5.58901
2023-09-15,5.60196
2023-09-18,5.62799
2023-09-19,5.6183
2023-09-20,5.56417
2023-09-21,5.62676
2023-09-22,5.53083
2023-09-25,5.62918
2023-09-26,5.64129
2023-09-27,5.61283
2023-09-29,5.62849
2023-10-02,5.59766
2023-10-03,5.602
2023-10-04,5.59354
2023-10-05,5.64623
2023-10-06,5.57815
2023-10-09,5.64148
2023-10-10,5.61351
2023-10-11,5.57153
2023-10-12,5.53714
2023-10-13,5.50645
2023-10-16,5.63901
2023-10-17,5.64213
2023-10-18,5.64122
2023-10-19,5.67193
2023-10-20,5.78602
2023-10-23,5.8403
2023-10-24,5.82592
2023-10-25,5.82178
2023-10-26,5.84092
2023-10-27,5.77995
2023-10-30,5.81727
2023-10-31,5.84737
2023-11-01,5.83313
2023-11-02,5.84207
2023-11-03,5.81647
2023-11-06,5.84789
2023-11-07,5.83353
2023-11-08,5.85764
2023-11-09,5.82971
2023-11-10,5.821
2023-11-13,5.84406
2023-11-14,5.82642
2023-11-15,5.86621
2023-11-16,5.86397
2023-11-17,5.84818
2023-11-20,5.8952
2023-11-21,5.89659
2023-11-22,5.88027
2023-11-23,5.86292
2023-11-24,5.79959
2023-11-27,5.88174
2023-11-28,5.92141
2023-11-29,5.91708
2023-11-30,5.92558
2023-12-01,5.81452
2023-12-04,5.92554
2023-12-05,5.942
2023-12-06,5.87027
2023-12-07,5.86672
2023-12-08,5.83025
2023-12-11,5.87329
2023-12-12,5.89852
2023-12-13,5.82576
2023-12-14,5.8578
2023-12-15,5.83293
2023-12-18,5.91305
2023-12-19,5.88954
2023-12-20,5.84845
2023-12-21,5.90498
2023-12-22,5.88446
2023-12-27,5.88308
2023-12-28,5.83043
2023-12-29,5.88369
2024-01-02,5.81976
2024-01-03,5.7982
2024-01-04,5.81019
2024-01-05,5.80473
2024-01-08,5.87681
2024-01-09,5.82488
2024-01-10,5.83041
2024-01-11,5.82418
2024-01-12,5.75296
2024-01-15,5.84247
2024-01-16,5.81035
2024-01-17,5.80132
2024-01-18,5.81624
2024-01-19,5.78497
2024-01-22,5.85677
2024-01-23,5.7855
2024-01-24,5.8185
2024-01-25,5.80021
2024-01-26,5.77896
2024-01-29,5.85488
2024-01-30,5.78505
2024-01-31,5.807
2024-02-01,5.83942
2024-02-02,5.82683
2024-02-05,5.92025
2024-02-06,5.93614
2024-02-07,6.10665
2024-02-12,5.93181
2024-02-13,5.92255
2024-02-15,5.90803
2024-02-16,5.85766
2024-02-19,5.92446
2024-02-20,5.96687
2024-02-21,5.97755
2024-02-22,5.95496
2024-02-23,5.79474
2024-02-26,5.95837
2024-02-27,5.89114
2024-02-28,5.84431
2024-02-29,5.7904
2024-03-01,5.84014
2024-03-04,5.95341
2024-03-05,5.92185
2024-03-06,5.93319
2024-03-07,5.90659
2024-03-08,6.01364
2024-03-13,5.97746
2024-03-14,5.98201
2024-03-15,5.81877
2024-03-18,5.86637
2024-03-19,5.87493
2024-03-20,5.87117
2024-03-21,5.86411
2024-03-22,5.78299
2024-03-25,5.88761
2024-03-26,5.81074
2024-03-27,5.84558
2024-03-28,5.90622
2024-04-01,5.90295
2024-04-02,5.8914
2024-04-03,5.87569
2024-04-04,5.85136
2024-04-05,6.18946
2024-04-16,5.95767
2024-04-17,5.91447
2024-04-18,5.88104
2024-04-19,5.77255
2024-04-22,5.9296
2024-04-23,5.93247
2024-04-24,5.9521
2024-04-25,5.99899
2024-04-26,5.97516
2024-04-29,6.00701
2024-04-30,6.0726
2024-05-02,6.10342
2024-05-03,6.05207
2024-05-06,6.17673
2024-05-07,6.20849
2024-05-08,6.39688
2024-05-13,6.30424
2024-05-14,6.27631
2024-05-15,6.15281
2024-05-16,6.00869
2024-05-17,6.00893
2024-05-20,6.15607
2024-05-21,6.04574
2024-05-22,6.11381
2024-05-27,6.12463
2024-05-28,6.00684
2024-05-29,6.00691
2024-05-30,6.03621
2024-05-31,6.10684
2024-06-03,6.11369
2024-06-04,6.05248
2024-06-05,6.01698
2024-06-06,5.9693
2024-06-07,5.97999
2024-06-10,6.05231
2024-06-11,6.00776
2024-06-12,6.02475
2024-06-13,6.0414
2024-06-14,6.15424
2024-06-19,6.09491
2024-06-20,6.1319
2024-06-21,6.05914
2024-06-24,6.04946
2024-06-25,6.12549
2024-06-26,6.12159
2024-06-27,6.09005
2024-06-28,6.15189
2024-07-01,6.15344
2024-07-02,6.16532
2024-07-03,6.18341
2024-07-04,6.15763
2024-07-05,6.13209
2024-07-08,6.16116
2024-07-09,6.13968
2024-07-10,6.18312
2024-07-11,6.27254
2024-07-12,6.27537
2024-07-15,6.21141
2024-07-16,6.15337
2024-07-17,6.12276
2024-07-18,6.10858
2024-07-19,6.13466
2024-07-22,6.19939
2024-07-23,6.19606
2024-07-24,6.19748
2024-07-25,6.24144
2024-07-26,6.25024
2024-07-29,6.26852
2024-07-30,6.21959
2024-07-31,6.23915
2024-08-01,6.24652
2024-08-02,6.23271
2024-08-05,6.29456
2024-08-06,6.25148
2024-08-07,6.23723
2024-08-08,6.25356
2024-08-09,6.2431
2024-08-12,6.33309
2024-08-13,6.30102
2024-08-14,6.21475
2024-08-15,6.19598
2024-08-16,6.14579
2024-08-19,6.38068
2024-08-20,6.38783
2024-08-21,6.36778
2024-08-22,6.39481
2024-08-23,6.29344
2024-08-26,6.41908
2024-08-27,6.42759
2024-08-28,6.41291
2024-08-29,6.31811
2024-08-30,6.35094
2024-09-02,6.45024
2024-09-03,6.45084
2024-09-04,6.35494
2024-09-05,6.35928
2024-09-06,6.3127
2024-09-09,6.44966
2024-09-10,6.46646
2024-09-11,6.38584
2024-09-12,6.37431
2024-09-13,6.3373
2024-09-17,6.43621
2024-09-18,6.24603
2024-09-19,6.15812
2024-09-20,6.184
2024-09-23,6.23284
2024-09-24,6.2415
2024-09-25,6.13177
2024-09-26,6.16434
2024-09-27,6.12578
2024-09-30,6.17038
2024-10-01,6.21199
2024-10-02,6.18578
2024-10-03,6.21783
2024-10-04,6.11299
2024-10-07,6.20716
2024-10-08,6.20105
2024-10-09,6.20785
2024-10-10,6.23222
2024-10-11,6.20527
2024-10-14,6.24709
2024-10-15,6.16455
2024-10-16,6.15635
2024-10-17,6.20795
2024-10-18,6.12911
2024-10-21,6.24265
2024-10-22,6.24511
2024-10-23,6.18563
2024-10-24,6.14437
2024-10-25,6.08479
2024-10-28,6.14825
2024-10-29,6.11772
2024-10-30,6.03921
2024-10-31,5.97863
2024-11-01,6.00769
2024-11-04,6.10369
2024-11-05,6.1192
2024-11-06,5.99092
2024-11-07,6.07759
2024-11-08,6.0531
2024-11-11,6.17255
2024-11-12,6.15997
2024-11-13,6.09663
2024-11-14,6.05594
2024-11-15,6.07487
2024-11-18,6.18414
2024-11-19,6.20096
2024-11-20,6.20262
2024-11-21,6.18413
2024-11-22,6.12794
2024-11-25,6.18486
2024-11-26,6.1298
2024-11-28,6.09258
2024-11-29,6.16142
2024-12-02,6.18471
2024-12-03,6.15043
2024-12-04,6.09922
2024-12-05,6.0136
2024-12-06,5.97012
2024-12-09,6.03864
2024-12-10,6.09692
2024-12-11,5.97182
2024-12-12,5.85232
2024-12-13,5.91717
2024-12-16,6.15276
2024-12-17,6.12594
2024-12-18,6.07708
2024-12-19,6.05434
2024-12-20,5.99817
2024-12-23,6.08589
2024-12-24,6.1432
2024-12-27,6.15811
2024-12-30,6.15446
2024-12-31,6.18031
2025-01-02,6.02515
2025-01-03,5.9804
2025-01-06,6.07473
2025-01-07,6.058
2025-01-08,6.04049
2025-01-09,6.05195
2025-01-10,6.05752
2025-01-13,6.15368
2025-01-14,6.034
2025-01-15,5.98521
2025-01-16,5.76889
2025-01-17,5.75356
2025-01-20,5.82416
2025-01-21,5.76612
2025-01-22,5.73229
2025-01-23,5.72848
2025-01-24,5.92257
2025-01-30,5.85987
2025-01-31,5.83267
2025-02-03,5.79685
2025-02-04,5.78828
2025-02-05,5.75617
2025-02-06,5.78321
2025-02-07,5.69047
2025-02-10,5.77169
2025-02-11,5.63304
2025-02-12,5.6678
2025-02-13,5.65086
2025-02-14,5.64137
2025-02-17,5.71214
2025-02-18,5.69961
2025-02-19,5.66635
2025-02-20,5.81526
2025-02-21,5.80062
2025-02-24,5.83237
2025-02-25,5.81353
2025-02-26,5.63813
2025-02-27,5.63683
2025-02-28,5.73154
2025-03-03,5.88677
2025-03-04,5.81816
2025-03-05,5.67436
2025-03-06,5.71636
2025-03-07,5.67506
2025-03-10,5.76931
2025-03-11,5.73134
2025-03-12,5.62128
2025-03-13,5.58768
2025-03-14,5.68045
2025-03-17,5.79425
2025-03-18,5.78729
2025-03-19,5.76212
2025-03-20,5.81674
2025-03-21,5.80394
2025-03-24,5.99928
2025-03-25,5.99616
2025-03-26,6.0907
2025-03-27,6.67381
2025-04-08,5.98692
2025-04-09,5.74626
2025-04-10,5.66082
2025-04-11,5.56641
2025-04-14,5.43044
2025-04-15,5.57105
2025-04-16,5.67458
2025-04-17,5.62121
2025-04-21,5.76743
2025-04-22,5.71087
2025-04-23,5.71135
2025-04-24,5.70581
2025-04-25,5.76476
2025-04-28,5.79842
2025-04-29,5.82203
2025-04-30,5.89384
2025-05-02,5.80222
2025-05-05,5.8273
2025-05-06,5.81735
2025-05-07,5.83732
2025-05-08,5.87647
2025-05-09,5.98009
2025-05-14,5.96012
2025-05-15,5.85047
2025-05-16,5.85929
2025-05-19,5.87268
2025-05-20,5.77302
2025-05-21,5.83398
2025-05-22,5.74175
2025-05-23,5.72576
2025-05-26,5.82248
2025-05-27,5.70392
2025-05-28,5.87631
2025-06-02,5.76271
2025-06-03,5.74156
2025-06-04,5.68697
2025-06-05,5.7027
2025-06-10,5.68551
2025-06-11,5.45747
2025-06-12,5.40051
2025-06-13,5.28497
2025-06-16,5.40645
2025-06-17,5.33718
2025-06-18,5.1983
2025-06-19,5.18812
2025-06-20,5.1761
2025-06-23,5.15424
2025-06-24,5.14077
2025-06-25,5.15786
2025-06-26,5.1684
2025-06-30,5.27648
2025-07-01,5.11781
2025-07-02,5.05853
2025-07-03,5.03608
2025-07-04,5.05628
2025-07-07,5.20643
2025-07-08,5.16797
2025-07-09,5.14063
2025-07-10,5.10882
2025-07-11,5.1421
2025-07-14,5.13567
2025-07-15,5.13641
2025-07-16,5.07584
2025-07-17,4.93505
2025-07-18,4.83039
2025-07-21,4.84852
2025-07-22,4.84338
2025-07-23,4.78134
2025-07-24,4.79884
2025-07-25,4.81238
2025-07-28,4.83196
2025-07-29,4.75207
2025-07-30,4.7565
2025-07-31,4.76598
2025-08-01,4.75398
2025-08-04,4.83056
2025-08-05,4.76175
2025-08-06,4.75567
2025-08-07,4.7368
2025-08-08,4.69134
2025-08-11,4.7847
2025-08-12,4.7531
2025-08-13,4.74924
2025-08-14,4.81125
2025-08-15,4.76774
2025-08-19,4.78301
2025-08-20,4.68151
2025-08-21,4.44585
2025-08-22,4.34837
2025-08-25,4.40502
2025-08-26,4.40301
2025-08-27,4.4196
2025-08-28,4.49481
2025-08-29,4.67661
2025-09-01,4.55867
2025-09-02,4.49035
2025-09-03,4.48534
2025-09-04,4.52985
2025-09-08,4.5393
2025-09-09,4.58081
2025-09-10,4.58675
2025-09-11,4.56974
2025-09-12,4.58002
2025-09-15,4.55445
2025-09-16,4.58904
2025-09-17,4.42924
2025-09-18,4.14424
2025-09-19,4.12804
2025-09-22,4.16624
2025-09-23,4.12034
2025-09-24,4.03111
2025-09-25,3.99825
2025-09-26,3.97003
2025-09-29,3.97519
2025-09-30,3.98883
2025-10-01,4.01727
2025-10-02,4.00425
2025-10-03,4.05952
2025-10-06,4.04388
2025-10-07,4.01455
2025-10-08,3.99757
2025-10-09,4.01105
2025-10-10,4.02735
2025-10-13,4.01873
2025-10-14,4.02277
2025-10-15,3.97729
2025-10-16,3.99497
2025-10-17,4.03353
2025-10-20,4.00979
2025-10-21,3.99064
2025-10-22,3.89922
2025-10-23,4.00415
2025-10-24,4.00057
2025-10-27,4.00827
2025-10-28,3.99485
2025-10-29,3.99804
2025-10-30,4.00085
2025-10-31,3.99942
2025-11-03,4.01758
2025-11-04,3.9941
2025-11-05,3.99582
2025-11-06,3.96309
2025-11-07,4.01213
2025-11-10,3.98857
2025-11-11,3.99307
2025-11-12,3.97753
2025-11-13,3.95426
2025-11-14,4.00046
2025-11-17,3.9839
2025-11-18,3.9992
2025-11-19,3.99435
2025-11-20,4.02614
2025-11-21,4.16443
2025-11-24,4.10657
2025-11-25,4.08006
2025-11-26,4.14997
2025-11-27,4.09925
2025-11-28,4.15797
2025-12-01,4.15198
2025-12-02,4.18574
2025-12-03,4.10541
2025-12-04,4.08151
2025-12-05,4.15525
2025-12-08,4.08752
2025-12-09,4.09423
2025-12-10,4.08911
2025-12-11,4.07209
2025-12-12,4.08735
2025-12-15,4.09608
2025-12-16,4.12179
2025-12-17,4.15864
2025-12-18,4.18633
2025-12-19,4.1707
2025-12-22,4.19078
2025-12-23,4.1465
2025-12-24,4.24691
2025-12-29,4.14548
2025-12-30,4.12038
2025-12-31,4.12578
2026-01-02,4.00374
2026-01-05,3.90961
2026-01-06,3.84926
2026-01-07,3.81517
2026-01-08,3.81094
2026-01-09,3.78858
2026-01-12,3.77443
2026-01-13,3.76966
2026-01-14,3.75957
2026-01-15,3.73917
2026-01-19,3.71219
2026-01-20,3.68647
2026-01-21,3.67038
2026-01-22,3.65536
2026-01-23,3.68412
2026-01-26,3.69541
2026-01-27,3.70091
2026-01-28,3.73144
2026-01-29,3.7762
2026-01-30,3.85409
2026-02-02,3.85291
2026-02-03,3.79738
2026-02-04,3.85207
2026-02-05,3.90519
2026-02-06,3.87906
2026-02-09,3.87893
2026-02-10,3.8611
2026-02-11,3.87434
2026-02-12,3.88159
2026-02-13,3.94852
2026-02-18,3.91724
2026-02-19,3.96149
2026-02-20,3.98281
2026-02-23,4.08857
2026-02-24,4.10504
2026-02-25,4.16316
2026-02-26,4.16545
2026-02-27,4.2376
2026-03-02,4.20914
2026-03-03,4.22689
2026-03-04,4.19792
2026-03-05,4.18614
2026-03-06,4.02449
2026-03-09,4.2111
2026-03-10,4.13036
2026-03-11,4.03505
2026-03-12,4.02728
2026-03-13,4.01439
2026-03-16,4.16049
2026-03-17,4.72672
2026-03-25,4.01877
2026-03-26,4.0224
2026-03-27,3.91695
2026-03-30,3.9159
2026-03-31,3.85023
2026-04-01,3.99966
2026-04-02,4.1089
2026-04-06,4.12042
2026-04-07,4.09115
2026-04-08,4.1237
2026-04-09,4.1472
2026-04-10,4.1184
2026-04-13,4.1833
2026-04-14,4.22424
2026-04-15,3.98024
2026-04-16,4.05974
2026-04-17,3.91313
2026-04-20,4.06644
2026-04-21,4.08988
2026-04-22,4.09044
2026-04-23,4.13142
2026-04-24,4.23399
2026-04-27,4.33795
2026-04-28,4.42575
2026-04-29,4.6363
2026-04-30,4.8558
2026-05-04,4.71225
2026-05-05,4.46393
2026-05-06,4.10277
2026-05-07,4.11748
2026-05-08,4.16201
2026-05-11,4.22851
2026-05-12,4.18802
2026-05-13,5.08091
2026-05-18,4.543
2026-05-19,4.60434
2026-05-20,5.14887
2026-05-21,5.30344
2026-05-22,5.20561
2026-05-25,5.30815
2026-05-26,5.31402
2026-05-29,5.58617
2026-06-02,5.60864
2026-06-03,5.36878
2026-06-04,5.25129
2026-06-05,5.33915
2026-06-08,5.36862
2026-06-09,5.71064
2026-06-10,5.98307
2026-06-11,6.02626
2026-06-12,6.03423
2026-06-15,6.19068
2026-06-17,6.3407
2026-06-18,6.61839
2026-06-19,6.16644
2026-06-22,5.9164
2026-06-23,5.62508
2026-06-24,5.64979
2026-06-25,5.73073
2026-06-26,6.23492
2026-06-29,6.38619
2026-06-30,6.00453
